Webpage,Coreconfig,Govconfig,Core,Counter,Value
amazon,AllSmall,ii,0,0x08,2098327670.0
amazon,AllSmall,ii,0,0x19,172358345.0
amazon,AllSmall,ii,0,0x16,160547477.0
amazon,AllSmall,ii,0,0x17,29843081.0
amazon,AllSmall,ii,1,0x08,2563969074.0
amazon,AllSmall,ii,1,0x19,187553129.0
amazon,AllSmall,ii,1,0x16,194752980.0
amazon,AllSmall,ii,1,0x17,32796790.0
amazon,AllSmall,ii,2,0x08,2360040555.0
amazon,AllSmall,ii,2,0x19,185478654.0
amazon,AllSmall,ii,2,0x16,183469806.0
amazon,AllSmall,ii,2,0x17,31883620.0
amazon,AllSmall,ii,3,0x08,2468404461.0
amazon,AllSmall,ii,3,0x19,182730005.0
amazon,AllSmall,ii,3,0x16,195667745.0
amazon,AllSmall,ii,3,0x17,32265384.0
amazon,AllSmall,ii,4,0x08,2609034580.0
amazon,AllSmall,ii,4,0x19,62124112.0
amazon,AllSmall,ii,4,0x16,125038020.0
amazon,AllSmall,ii,4,0x17,10057285.0
amazon,AllSmall,ii,5,0x08,3677481549.0
amazon,AllSmall,ii,5,0x19,73220647.0
amazon,AllSmall,ii,5,0x16,235333551.0
amazon,AllSmall,ii,5,0x17,12071836.0
amazon,AllSmall,ii,6,0x08,3110935140.0
amazon,AllSmall,ii,6,0x19,107611041.0
amazon,AllSmall,ii,6,0x16,197857025.0
amazon,AllSmall,ii,6,0x17,16941282.0
amazon,AllSmall,ii,7,0x08,2104561453.0
amazon,AllSmall,ii,7,0x19,75597117.0
amazon,AllSmall,ii,7,0x16,143337795.0
amazon,AllSmall,ii,7,0x17,10809458.0
bbc,AllSmall,ii,0,0x08,3732613757.0
bbc,AllSmall,ii,0,0x19,276633251.0
bbc,AllSmall,ii,0,0x16,263601687.0
bbc,AllSmall,ii,0,0x17,48176224.0
bbc,AllSmall,ii,1,0x08,387121480.0
bbc,AllSmall,ii,1,0x19,299813691.0
bbc,AllSmall,ii,1,0x16,325016272.0
bbc,AllSmall,ii,1,0x17,53289964.0
bbc,AllSmall,ii,2,0x08,3969958840.0
bbc,AllSmall,ii,2,0x19,287197992.0
bbc,AllSmall,ii,2,0x16,295232270.0
bbc,AllSmall,ii,2,0x17,50776482.0
bbc,AllSmall,ii,3,0x08,117624895.0
bbc,AllSmall,ii,3,0x19,289796750.0
bbc,AllSmall,ii,3,0x16,314029519.0
bbc,AllSmall,ii,3,0x17,51650349.0
bbc,AllSmall,ii,4,0x08,3129089564.0
bbc,AllSmall,ii,4,0x19,74640440.0
bbc,AllSmall,ii,4,0x16,184464988.0
bbc,AllSmall,ii,4,0x17,12094861.0
bbc,AllSmall,ii,5,0x08,982531242.0
bbc,AllSmall,ii,5,0x19,106857905.0
bbc,AllSmall,ii,5,0x16,348769639.0
bbc,AllSmall,ii,5,0x17,17400066.0
bbc,AllSmall,ii,6,0x08,3546687121.0
bbc,AllSmall,ii,6,0x19,149550708.0
bbc,AllSmall,ii,6,0x16,230474440.0
bbc,AllSmall,ii,6,0x17,23196113.0
bbc,AllSmall,ii,7,0x08,2297838483.0
bbc,AllSmall,ii,7,0x19,87355757.0
bbc,AllSmall,ii,7,0x16,157535464.0
bbc,AllSmall,ii,7,0x17,12680010.0
cnn,AllSmall,ii,0,0x08,1597337206.0
cnn,AllSmall,ii,0,0x19,378293341.0
cnn,AllSmall,ii,0,0x16,384952360.0
cnn,AllSmall,ii,0,0x17,68701866.0
cnn,AllSmall,ii,1,0x08,1708246672.0
cnn,AllSmall,ii,1,0x19,385397097.0
cnn,AllSmall,ii,1,0x16,407029207.0
cnn,AllSmall,ii,1,0x17,70786351.0
cnn,AllSmall,ii,2,0x08,1903630419.0
cnn,AllSmall,ii,2,0x19,395941030.0
cnn,AllSmall,ii,2,0x16,428420671.0
cnn,AllSmall,ii,2,0x17,73288636.0
cnn,AllSmall,ii,3,0x08,1617358550.0
cnn,AllSmall,ii,3,0x19,392521559.0
cnn,AllSmall,ii,3,0x16,397869016.0
cnn,AllSmall,ii,3,0x17,71386014.0
cnn,AllSmall,ii,4,0x08,4129610788.0
cnn,AllSmall,ii,4,0x19,72129125.0
cnn,AllSmall,ii,4,0x16,174437639.0
cnn,AllSmall,ii,4,0x17,11045220.0
cnn,AllSmall,ii,5,0x08,2466169993.0
cnn,AllSmall,ii,5,0x19,100651595.0
cnn,AllSmall,ii,5,0x16,365947948.0
cnn,AllSmall,ii,5,0x17,16625128.0
cnn,AllSmall,ii,6,0x08,2639383675.0
cnn,AllSmall,ii,6,0x19,130250255.0
cnn,AllSmall,ii,6,0x16,374702087.0
cnn,AllSmall,ii,6,0x17,21498195.0
cnn,AllSmall,ii,7,0x08,3953640964.0
cnn,AllSmall,ii,7,0x19,90858125.0
cnn,AllSmall,ii,7,0x16,160323422.0
cnn,AllSmall,ii,7,0x17,13673893.0
craigslist,AllSmall,ii,0,0x08,1951749752.0
craigslist,AllSmall,ii,0,0x19,127384317.0
craigslist,AllSmall,ii,0,0x16,165736732.0
craigslist,AllSmall,ii,0,0x17,22309111.0
craigslist,AllSmall,ii,1,0x08,1731221681.0
craigslist,AllSmall,ii,1,0x19,135049034.0
craigslist,AllSmall,ii,1,0x16,139942524.0
craigslist,AllSmall,ii,1,0x17,22335978.0
craigslist,AllSmall,ii,2,0x08,2063707123.0
craigslist,AllSmall,ii,2,0x19,136645658.0
craigslist,AllSmall,ii,2,0x16,167674982.0
craigslist,AllSmall,ii,2,0x17,23406924.0
craigslist,AllSmall,ii,3,0x08,1834302821.0
craigslist,AllSmall,ii,3,0x19,136993718.0
craigslist,AllSmall,ii,3,0x16,152244650.0
craigslist,AllSmall,ii,3,0x17,22704619.0
craigslist,AllSmall,ii,4,0x08,2077791278.0
craigslist,AllSmall,ii,4,0x19,56217036.0
craigslist,AllSmall,ii,4,0x16,117506081.0
craigslist,AllSmall,ii,4,0x17,8632607.0
craigslist,AllSmall,ii,5,0x08,3321446453.0
craigslist,AllSmall,ii,5,0x19,162525437.0
craigslist,AllSmall,ii,5,0x16,229132847.0
craigslist,AllSmall,ii,5,0x17,25461740.0
craigslist,AllSmall,ii,6,0x08,4120818111.0
craigslist,AllSmall,ii,6,0x19,81164971.0
craigslist,AllSmall,ii,6,0x16,237432362.0
craigslist,AllSmall,ii,6,0x17,13823431.0
craigslist,AllSmall,ii,7,0x08,1847566566.0
craigslist,AllSmall,ii,7,0x19,66158337.0
craigslist,AllSmall,ii,7,0x16,124459781.0
craigslist,AllSmall,ii,7,0x17,9322489.0
ebay,AllSmall,ii,0,0x08,102090275.0
ebay,AllSmall,ii,0,0x19,335400317.0
ebay,AllSmall,ii,0,0x16,347415422.0
ebay,AllSmall,ii,0,0x17,59377296.0
ebay,AllSmall,ii,1,0x08,4266265176.0
ebay,AllSmall,ii,1,0x19,312568911.0
ebay,AllSmall,ii,1,0x16,342870473.0
ebay,AllSmall,ii,1,0x17,56342316.0
ebay,AllSmall,ii,2,0x08,4088688125.0
ebay,AllSmall,ii,2,0x19,313302527.0
ebay,AllSmall,ii,2,0x16,320655068.0
ebay,AllSmall,ii,2,0x17,54276989.0
ebay,AllSmall,ii,3,0x08,89792482.0
ebay,AllSmall,ii,3,0x19,327179824.0
ebay,AllSmall,ii,3,0x16,347833326.0
ebay,AllSmall,ii,3,0x17,58266926.0
ebay,AllSmall,ii,4,0x08,2854443586.0
ebay,AllSmall,ii,4,0x19,75606457.0
ebay,AllSmall,ii,4,0x16,187910237.0
ebay,AllSmall,ii,4,0x17,11886715.0
ebay,AllSmall,ii,5,0x08,1692713071.0
ebay,AllSmall,ii,5,0x19,89040075.0
ebay,AllSmall,ii,5,0x16,375013944.0
ebay,AllSmall,ii,5,0x17,15122886.0
ebay,AllSmall,ii,6,0x08,4259573590.0
ebay,AllSmall,ii,6,0x19,162668349.0
ebay,AllSmall,ii,6,0x16,295873085.0
ebay,AllSmall,ii,6,0x17,25467993.0
ebay,AllSmall,ii,7,0x08,3460149606.0
ebay,AllSmall,ii,7,0x19,114805319.0
ebay,AllSmall,ii,7,0x16,221450699.0
ebay,AllSmall,ii,7,0x17,17219772.0
google,AllSmall,ii,0,0x08,1090050199.0
google,AllSmall,ii,0,0x19,95382282.0
google,AllSmall,ii,0,0x16,87883192.0
google,AllSmall,ii,0,0x17,16462453.0
google,AllSmall,ii,1,0x08,1131548552.0
google,AllSmall,ii,1,0x19,92935788.0
google,AllSmall,ii,1,0x16,88996870.0
google,AllSmall,ii,1,0x17,15910064.0
google,AllSmall,ii,2,0x08,1140543153.0
google,AllSmall,ii,2,0x19,92858285.0
google,AllSmall,ii,2,0x16,87282261.0
google,AllSmall,ii,2,0x17,15840676.0
google,AllSmall,ii,3,0x08,1200387512.0
google,AllSmall,ii,3,0x19,98903373.0
google,AllSmall,ii,3,0x16,90037949.0
google,AllSmall,ii,3,0x17,16813222.0
google,AllSmall,ii,4,0x08,2023120747.0
google,AllSmall,ii,4,0x19,41802329.0
google,AllSmall,ii,4,0x16,120393759.0
google,AllSmall,ii,4,0x17,6440901.0
google,AllSmall,ii,5,0x08,2012459741.0
google,AllSmall,ii,5,0x19,49602921.0
google,AllSmall,ii,5,0x16,121141888.0
google,AllSmall,ii,5,0x17,8187436.0
google,AllSmall,ii,6,0x08,2287730882.0
google,AllSmall,ii,6,0x19,53195035.0
google,AllSmall,ii,6,0x16,139092495.0
google,AllSmall,ii,6,0x17,8908021.0
google,AllSmall,ii,7,0x08,1599109588.0
google,AllSmall,ii,7,0x19,39619028.0
google,AllSmall,ii,7,0x16,92403431.0
google,AllSmall,ii,7,0x17,6418466.0
msn,AllSmall,ii,0,0x08,4067510663.0
msn,AllSmall,ii,0,0x19,272286857.0
msn,AllSmall,ii,0,0x16,304100866.0
msn,AllSmall,ii,0,0x17,47657534.0
msn,AllSmall,ii,1,0x08,578806093.0
msn,AllSmall,ii,1,0x19,268289946.0
msn,AllSmall,ii,1,0x16,311754195.0
msn,AllSmall,ii,1,0x17,47023360.0
msn,AllSmall,ii,2,0x08,1465478499.0
msn,AllSmall,ii,2,0x19,287847189.0
msn,AllSmall,ii,2,0x16,378150034.0
msn,AllSmall,ii,2,0x17,51462217.0
msn,AllSmall,ii,3,0x08,4190356816.0
msn,AllSmall,ii,3,0x19,266129330.0
msn,AllSmall,ii,3,0x16,289067414.0
msn,AllSmall,ii,3,0x17,45800471.0
msn,AllSmall,ii,4,0x08,2458720789.0
msn,AllSmall,ii,4,0x19,69096137.0
msn,AllSmall,ii,4,0x16,151036570.0
msn,AllSmall,ii,4,0x17,10840018.0
msn,AllSmall,ii,5,0x08,1275229587.0
msn,AllSmall,ii,5,0x19,135610075.0
msn,AllSmall,ii,5,0x16,364705074.0
msn,AllSmall,ii,5,0x17,21871529.0
msn,AllSmall,ii,6,0x08,73333714.0
msn,AllSmall,ii,6,0x19,135714554.0
msn,AllSmall,ii,6,0x16,298182480.0
msn,AllSmall,ii,6,0x17,21678775.0
msn,AllSmall,ii,7,0x08,2675550941.0
msn,AllSmall,ii,7,0x19,94260326.0
msn,AllSmall,ii,7,0x16,165522360.0
msn,AllSmall,ii,7,0x17,13419871.0
slashdot,AllSmall,ii,0,0x08,3156104964.0
slashdot,AllSmall,ii,0,0x19,221470742.0
slashdot,AllSmall,ii,0,0x16,226836719.0
slashdot,AllSmall,ii,0,0x17,38982224.0
slashdot,AllSmall,ii,1,0x08,3465711355.0
slashdot,AllSmall,ii,1,0x19,237312639.0
slashdot,AllSmall,ii,1,0x16,248144029.0
slashdot,AllSmall,ii,1,0x17,41678253.0
slashdot,AllSmall,ii,2,0x08,2757491172.0
slashdot,AllSmall,ii,2,0x19,210306323.0
slashdot,AllSmall,ii,2,0x16,195549074.0
slashdot,AllSmall,ii,2,0x17,36253903.0
slashdot,AllSmall,ii,3,0x08,3646758316.0
slashdot,AllSmall,ii,3,0x19,246317046.0
slashdot,AllSmall,ii,3,0x16,276572816.0
slashdot,AllSmall,ii,3,0x17,44108315.0
slashdot,AllSmall,ii,4,0x08,2897770220.0
slashdot,AllSmall,ii,4,0x19,63957530.0
slashdot,AllSmall,ii,4,0x16,173832226.0
slashdot,AllSmall,ii,4,0x17,10296278.0
slashdot,AllSmall,ii,5,0x08,786127919.0
slashdot,AllSmall,ii,5,0x19,104575918.0
slashdot,AllSmall,ii,5,0x16,317441444.0
slashdot,AllSmall,ii,5,0x17,16980517.0
slashdot,AllSmall,ii,6,0x08,2912671400.0
slashdot,AllSmall,ii,6,0x19,150863706.0
slashdot,AllSmall,ii,6,0x16,199555822.0
slashdot,AllSmall,ii,6,0x17,23949941.0
slashdot,AllSmall,ii,7,0x08,2339110204.0
slashdot,AllSmall,ii,7,0x19,83358552.0
slashdot,AllSmall,ii,7,0x16,155672258.0
slashdot,AllSmall,ii,7,0x17,11112824.0
twitter,AllSmall,ii,0,0x08,3015138719.0
twitter,AllSmall,ii,0,0x19,232350695.0
twitter,AllSmall,ii,0,0x16,228033286.0
twitter,AllSmall,ii,0,0x17,39845622.0
twitter,AllSmall,ii,1,0x08,3000618668.0
twitter,AllSmall,ii,1,0x19,213964467.0
twitter,AllSmall,ii,1,0x16,224522295.0
twitter,AllSmall,ii,1,0x17,37744370.0
twitter,AllSmall,ii,2,0x08,3192322487.0
twitter,AllSmall,ii,2,0x19,235575107.0
twitter,AllSmall,ii,2,0x16,233676327.0
twitter,AllSmall,ii,2,0x17,40602786.0
twitter,AllSmall,ii,3,0x08,2918636226.0
twitter,AllSmall,ii,3,0x19,216995528.0
twitter,AllSmall,ii,3,0x16,217266093.0
twitter,AllSmall,ii,3,0x17,37626096.0
twitter,AllSmall,ii,4,0x08,3463109958.0
twitter,AllSmall,ii,4,0x19,95102516.0
twitter,AllSmall,ii,4,0x16,178444805.0
twitter,AllSmall,ii,4,0x17,13908469.0
twitter,AllSmall,ii,5,0x08,324069802.0
twitter,AllSmall,ii,5,0x19,121586087.0
twitter,AllSmall,ii,5,0x16,305540720.0
twitter,AllSmall,ii,5,0x17,20000830.0
twitter,AllSmall,ii,6,0x08,89512976.0
twitter,AllSmall,ii,6,0x19,188653209.0
twitter,AllSmall,ii,6,0x16,273197891.0
twitter,AllSmall,ii,6,0x17,29891768.0
twitter,AllSmall,ii,7,0x08,2901205976.0
twitter,AllSmall,ii,7,0x19,89578076.0
twitter,AllSmall,ii,7,0x16,150884580.0
twitter,AllSmall,ii,7,0x17,13098730.0
youtube,AllSmall,ii,0,0x08,3856630194.0
youtube,AllSmall,ii,0,0x19,292725446.0
youtube,AllSmall,ii,0,0x16,292947466.0
youtube,AllSmall,ii,0,0x17,51042217.0
youtube,AllSmall,ii,1,0x08,4047292726.0
youtube,AllSmall,ii,1,0x19,286871144.0
youtube,AllSmall,ii,1,0x16,313677330.0
youtube,AllSmall,ii,1,0x17,50969512.0
youtube,AllSmall,ii,2,0x08,3866485463.0
youtube,AllSmall,ii,2,0x19,290490070.0
youtube,AllSmall,ii,2,0x16,269013832.0
youtube,AllSmall,ii,2,0x17,49821882.0
youtube,AllSmall,ii,3,0x08,3610069460.0
youtube,AllSmall,ii,3,0x19,276366918.0
youtube,AllSmall,ii,3,0x16,281059139.0
youtube,AllSmall,ii,3,0x17,49057851.0
youtube,AllSmall,ii,4,0x08,3401519813.0
youtube,AllSmall,ii,4,0x19,109739389.0
youtube,AllSmall,ii,4,0x16,187023043.0
youtube,AllSmall,ii,4,0x17,16093047.0
youtube,AllSmall,ii,5,0x08,1937109546.0
youtube,AllSmall,ii,5,0x19,151432262.0
youtube,AllSmall,ii,5,0x16,374141860.0
youtube,AllSmall,ii,5,0x17,23971061.0
youtube,AllSmall,ii,6,0x08,1723847934.0
youtube,AllSmall,ii,6,0x19,234396432.0
youtube,AllSmall,ii,6,0x16,349625621.0
youtube,AllSmall,ii,6,0x17,36804307.0
youtube,AllSmall,ii,7,0x08,3006551428.0
youtube,AllSmall,ii,7,0x19,123030802.0
youtube,AllSmall,ii,7,0x16,201315982.0
youtube,AllSmall,ii,7,0x17,17756024.0
amazon,Dynamic,ii,0,0x08,1883870909.0
amazon,Dynamic,ii,0,0x19,144984961.0
amazon,Dynamic,ii,0,0x16,158936202.0
amazon,Dynamic,ii,0,0x17,24895994.0
amazon,Dynamic,ii,1,0x08,2131602193.0
amazon,Dynamic,ii,1,0x19,156962029.0
amazon,Dynamic,ii,1,0x16,178386412.0
amazon,Dynamic,ii,1,0x17,26911754.0
amazon,Dynamic,ii,2,0x08,1872405765.0
amazon,Dynamic,ii,2,0x19,148708435.0
amazon,Dynamic,ii,2,0x16,152119415.0
amazon,Dynamic,ii,2,0x17,25069086.0
amazon,Dynamic,ii,3,0x08,1774431112.0
amazon,Dynamic,ii,3,0x19,153971905.0
amazon,Dynamic,ii,3,0x16,148578391.0
amazon,Dynamic,ii,3,0x17,25245718.0
amazon,Dynamic,ii,4,0x08,4015502972.0
amazon,Dynamic,ii,4,0x19,147707824.0
amazon,Dynamic,ii,4,0x16,310586217.0
amazon,Dynamic,ii,4,0x17,26697280.0
amazon,Dynamic,ii,5,0x08,4231745335.0
amazon,Dynamic,ii,5,0x19,112846888.0
amazon,Dynamic,ii,5,0x16,250830735.0
amazon,Dynamic,ii,5,0x17,19050394.0
amazon,Dynamic,ii,6,0x08,3627412252.0
amazon,Dynamic,ii,6,0x19,134943373.0
amazon,Dynamic,ii,6,0x16,247066218.0
amazon,Dynamic,ii,6,0x17,22121075.0
amazon,Dynamic,ii,7,0x08,3448449042.0
amazon,Dynamic,ii,7,0x19,116276741.0
amazon,Dynamic,ii,7,0x16,229927907.0
amazon,Dynamic,ii,7,0x17,19582076.0
bbc,Dynamic,ii,0,0x08,2991490685.0
bbc,Dynamic,ii,0,0x19,212244993.0
bbc,Dynamic,ii,0,0x16,229434748.0
bbc,Dynamic,ii,0,0x17,35910335.0
bbc,Dynamic,ii,1,0x08,2868895255.0
bbc,Dynamic,ii,1,0x19,206182012.0
bbc,Dynamic,ii,1,0x16,206206929.0
bbc,Dynamic,ii,1,0x17,34236734.0
bbc,Dynamic,ii,2,0x08,2731119006.0
bbc,Dynamic,ii,2,0x19,194925991.0
bbc,Dynamic,ii,2,0x16,204392779.0
bbc,Dynamic,ii,2,0x17,32898634.0
bbc,Dynamic,ii,3,0x08,2660882215.0
bbc,Dynamic,ii,3,0x19,197929137.0
bbc,Dynamic,ii,3,0x16,191337361.0
bbc,Dynamic,ii,3,0x17,32668223.0
bbc,Dynamic,ii,4,0x08,2880051890.0
bbc,Dynamic,ii,4,0x19,234313612.0
bbc,Dynamic,ii,4,0x16,560206225.0
bbc,Dynamic,ii,4,0x17,44382779.0
bbc,Dynamic,ii,5,0x08,573081064.0
bbc,Dynamic,ii,5,0x19,176364025.0
bbc,Dynamic,ii,5,0x16,316230303.0
bbc,Dynamic,ii,5,0x17,29539608.0
bbc,Dynamic,ii,6,0x08,91800159.0
bbc,Dynamic,ii,6,0x19,166331075.0
bbc,Dynamic,ii,6,0x16,307801735.0
bbc,Dynamic,ii,6,0x17,27610939.0
bbc,Dynamic,ii,7,0x08,234137651.0
bbc,Dynamic,ii,7,0x19,149197805.0
bbc,Dynamic,ii,7,0x16,306731876.0
bbc,Dynamic,ii,7,0x17,25059142.0
cnn,Dynamic,ii,0,0x08,58008535.0
cnn,Dynamic,ii,0,0x19,255432020.0
cnn,Dynamic,ii,0,0x16,292793638.0
cnn,Dynamic,ii,0,0x17,45333942.0
cnn,Dynamic,ii,1,0x08,3812836213.0
cnn,Dynamic,ii,1,0x19,236934658.0
cnn,Dynamic,ii,1,0x16,245653524.0
cnn,Dynamic,ii,1,0x17,40814349.0
cnn,Dynamic,ii,2,0x08,3969221172.0
cnn,Dynamic,ii,2,0x19,248439618.0
cnn,Dynamic,ii,2,0x16,260213514.0
cnn,Dynamic,ii,2,0x17,42644108.0
cnn,Dynamic,ii,3,0x08,4017295623.0
cnn,Dynamic,ii,3,0x19,248998842.0
cnn,Dynamic,ii,3,0x16,270656917.0
cnn,Dynamic,ii,3,0x17,42990687.0
cnn,Dynamic,ii,4,0x08,736653184.0
cnn,Dynamic,ii,4,0x19,321684242.0
cnn,Dynamic,ii,4,0x16,741779839.0
cnn,Dynamic,ii,4,0x17,62628375.0
cnn,Dynamic,ii,5,0x08,2412635525.0
cnn,Dynamic,ii,5,0x19,193917091.0
cnn,Dynamic,ii,5,0x16,376042561.0
cnn,Dynamic,ii,5,0x17,33614128.0
cnn,Dynamic,ii,6,0x08,2806397852.0
cnn,Dynamic,ii,6,0x19,194582784.0
cnn,Dynamic,ii,6,0x16,384170305.0
cnn,Dynamic,ii,6,0x17,33167409.0
cnn,Dynamic,ii,7,0x08,2714118103.0
cnn,Dynamic,ii,7,0x19,191349506.0
cnn,Dynamic,ii,7,0x16,368149781.0
cnn,Dynamic,ii,7,0x17,32829626.0
craigslist,Dynamic,ii,0,0x08,1727113443.0
craigslist,Dynamic,ii,0,0x19,120746530.0
craigslist,Dynamic,ii,0,0x16,158177583.0
craigslist,Dynamic,ii,0,0x17,20610279.0
craigslist,Dynamic,ii,1,0x08,1744308625.0
craigslist,Dynamic,ii,1,0x19,122842790.0
craigslist,Dynamic,ii,1,0x16,160721464.0
craigslist,Dynamic,ii,1,0x17,20644071.0
craigslist,Dynamic,ii,2,0x08,1399774979.0
craigslist,Dynamic,ii,2,0x19,119510614.0
craigslist,Dynamic,ii,2,0x16,122190912.0
craigslist,Dynamic,ii,2,0x17,19791515.0
craigslist,Dynamic,ii,3,0x08,1580982299.0
craigslist,Dynamic,ii,3,0x19,123832845.0
craigslist,Dynamic,ii,3,0x16,143983610.0
craigslist,Dynamic,ii,3,0x17,20604035.0
craigslist,Dynamic,ii,4,0x08,144953904.0
craigslist,Dynamic,ii,4,0x19,142226045.0
craigslist,Dynamic,ii,4,0x16,291584650.0
craigslist,Dynamic,ii,4,0x17,25193730.0
craigslist,Dynamic,ii,5,0x08,3107259004.0
craigslist,Dynamic,ii,5,0x19,122857298.0
craigslist,Dynamic,ii,5,0x16,213534011.0
craigslist,Dynamic,ii,5,0x17,19417350.0
craigslist,Dynamic,ii,6,0x08,3632195939.0
craigslist,Dynamic,ii,6,0x19,127376943.0
craigslist,Dynamic,ii,6,0x16,242943123.0
craigslist,Dynamic,ii,6,0x17,21269639.0
craigslist,Dynamic,ii,7,0x08,3332180685.0
craigslist,Dynamic,ii,7,0x19,132868729.0
craigslist,Dynamic,ii,7,0x16,226083560.0
craigslist,Dynamic,ii,7,0x17,21633408.0
ebay,Dynamic,ii,0,0x08,3148182865.0
ebay,Dynamic,ii,0,0x19,234704224.0
ebay,Dynamic,ii,0,0x16,271876063.0
ebay,Dynamic,ii,0,0x17,41329675.0
ebay,Dynamic,ii,1,0x08,2911333503.0
ebay,Dynamic,ii,1,0x19,227436854.0
ebay,Dynamic,ii,1,0x16,250929193.0
ebay,Dynamic,ii,1,0x17,39923457.0
ebay,Dynamic,ii,2,0x08,2675755462.0
ebay,Dynamic,ii,2,0x19,224976277.0
ebay,Dynamic,ii,2,0x16,236368431.0
ebay,Dynamic,ii,2,0x17,38649805.0
ebay,Dynamic,ii,3,0x08,2715502735.0
ebay,Dynamic,ii,3,0x19,215462526.0
ebay,Dynamic,ii,3,0x16,241702527.0
ebay,Dynamic,ii,3,0x17,37938365.0
ebay,Dynamic,ii,4,0x08,3149368622.0
ebay,Dynamic,ii,4,0x19,244242782.0
ebay,Dynamic,ii,4,0x16,552716410.0
ebay,Dynamic,ii,4,0x17,46381049.0
ebay,Dynamic,ii,5,0x08,1708088106.0
ebay,Dynamic,ii,5,0x19,175118242.0
ebay,Dynamic,ii,5,0x16,410310692.0
ebay,Dynamic,ii,5,0x17,29336718.0
ebay,Dynamic,ii,6,0x08,1292959003.0
ebay,Dynamic,ii,6,0x19,170886833.0
ebay,Dynamic,ii,6,0x16,391254782.0
ebay,Dynamic,ii,6,0x17,28301576.0
ebay,Dynamic,ii,7,0x08,1424489534.0
ebay,Dynamic,ii,7,0x19,167602083.0
ebay,Dynamic,ii,7,0x16,390030086.0
ebay,Dynamic,ii,7,0x17,28457071.0
google,Dynamic,ii,0,0x08,1099551469.0
google,Dynamic,ii,0,0x19,93999849.0
google,Dynamic,ii,0,0x16,97629372.0
google,Dynamic,ii,0,0x17,16095847.0
google,Dynamic,ii,1,0x08,1124489372.0
google,Dynamic,ii,1,0x19,92464901.0
google,Dynamic,ii,1,0x16,98800785.0
google,Dynamic,ii,1,0x17,16271273.0
google,Dynamic,ii,2,0x08,1100539385.0
google,Dynamic,ii,2,0x19,97002276.0
google,Dynamic,ii,2,0x16,97777705.0
google,Dynamic,ii,2,0x17,16824440.0
google,Dynamic,ii,3,0x08,1157408208.0
google,Dynamic,ii,3,0x19,98388187.0
google,Dynamic,ii,3,0x16,100786178.0
google,Dynamic,ii,3,0x17,16884564.0
google,Dynamic,ii,4,0x08,2416361382.0
google,Dynamic,ii,4,0x19,72022521.0
google,Dynamic,ii,4,0x16,149746566.0
google,Dynamic,ii,4,0x17,12271115.0
google,Dynamic,ii,5,0x08,2568127092.0
google,Dynamic,ii,5,0x19,67970104.0
google,Dynamic,ii,5,0x16,168388595.0
google,Dynamic,ii,5,0x17,11408064.0
google,Dynamic,ii,6,0x08,2575246566.0
google,Dynamic,ii,6,0x19,71147211.0
google,Dynamic,ii,6,0x16,156342854.0
google,Dynamic,ii,6,0x17,11546127.0
google,Dynamic,ii,7,0x08,2426918321.0
google,Dynamic,ii,7,0x19,65916199.0
google,Dynamic,ii,7,0x16,153726805.0
google,Dynamic,ii,7,0x17,11046327.0
msn,Dynamic,ii,0,0x08,137104791.0
msn,Dynamic,ii,0,0x19,253241177.0
msn,Dynamic,ii,0,0x16,306338646.0
msn,Dynamic,ii,0,0x17,42620953.0
msn,Dynamic,ii,1,0x08,3883326869.0
msn,Dynamic,ii,1,0x19,240614889.0
msn,Dynamic,ii,1,0x16,298199085.0
msn,Dynamic,ii,1,0x17,41785865.0
msn,Dynamic,ii,2,0x08,3489850854.0
msn,Dynamic,ii,2,0x19,229787600.0
msn,Dynamic,ii,2,0x16,282117638.0
msn,Dynamic,ii,2,0x17,40009541.0
msn,Dynamic,ii,3,0x08,3370895359.0
msn,Dynamic,ii,3,0x19,226108962.0
msn,Dynamic,ii,3,0x16,268496515.0
msn,Dynamic,ii,3,0x17,39057606.0
msn,Dynamic,ii,4,0x08,40351023.0
msn,Dynamic,ii,4,0x19,198693480.0
msn,Dynamic,ii,4,0x16,561979396.0
msn,Dynamic,ii,4,0x17,35771939.0
msn,Dynamic,ii,5,0x08,1595137117.0
msn,Dynamic,ii,5,0x19,191757548.0
msn,Dynamic,ii,5,0x16,412985818.0
msn,Dynamic,ii,5,0x17,31203536.0
msn,Dynamic,ii,6,0x08,1494492138.0
msn,Dynamic,ii,6,0x19,170632372.0
msn,Dynamic,ii,6,0x16,392937970.0
msn,Dynamic,ii,6,0x17,27597868.0
msn,Dynamic,ii,7,0x08,1170711256.0
msn,Dynamic,ii,7,0x19,181115945.0
msn,Dynamic,ii,7,0x16,378233104.0
msn,Dynamic,ii,7,0x17,29543295.0
slashdot,Dynamic,ii,0,0x08,2451096303.0
slashdot,Dynamic,ii,0,0x19,179555094.0
slashdot,Dynamic,ii,0,0x16,188640927.0
slashdot,Dynamic,ii,0,0x17,30036898.0
slashdot,Dynamic,ii,1,0x08,2545761213.0
slashdot,Dynamic,ii,1,0x19,167386331.0
slashdot,Dynamic,ii,1,0x16,185903169.0
slashdot,Dynamic,ii,1,0x17,27942947.0
slashdot,Dynamic,ii,2,0x08,2266546337.0
slashdot,Dynamic,ii,2,0x19,170632679.0
slashdot,Dynamic,ii,2,0x16,174538348.0
slashdot,Dynamic,ii,2,0x17,28266140.0
slashdot,Dynamic,ii,3,0x08,2152409999.0
slashdot,Dynamic,ii,3,0x19,172262643.0
slashdot,Dynamic,ii,3,0x16,169588032.0
slashdot,Dynamic,ii,3,0x17,28557611.0
slashdot,Dynamic,ii,4,0x08,1867385975.0
slashdot,Dynamic,ii,4,0x19,205478027.0
slashdot,Dynamic,ii,4,0x16,449689766.0
slashdot,Dynamic,ii,4,0x17,38874408.0
slashdot,Dynamic,ii,5,0x08,3906420490.0
slashdot,Dynamic,ii,5,0x19,137461899.0
slashdot,Dynamic,ii,5,0x16,273251705.0
slashdot,Dynamic,ii,5,0x17,22836737.0
slashdot,Dynamic,ii,6,0x08,3972215497.0
slashdot,Dynamic,ii,6,0x19,153359302.0
slashdot,Dynamic,ii,6,0x16,265613196.0
slashdot,Dynamic,ii,6,0x17,25721364.0
slashdot,Dynamic,ii,7,0x08,114223908.0
slashdot,Dynamic,ii,7,0x19,155671291.0
slashdot,Dynamic,ii,7,0x16,287510081.0
slashdot,Dynamic,ii,7,0x17,26249591.0
twitter,Dynamic,ii,0,0x08,2519150362.0
twitter,Dynamic,ii,0,0x19,202014584.0
twitter,Dynamic,ii,0,0x16,209741429.0
twitter,Dynamic,ii,0,0x17,33817163.0
twitter,Dynamic,ii,1,0x08,2384141564.0
twitter,Dynamic,ii,1,0x19,186537811.0
twitter,Dynamic,ii,1,0x16,190159080.0
twitter,Dynamic,ii,1,0x17,30930986.0
twitter,Dynamic,ii,2,0x08,2411860020.0
twitter,Dynamic,ii,2,0x19,183556699.0
twitter,Dynamic,ii,2,0x16,182509444.0
twitter,Dynamic,ii,2,0x17,30104096.0
twitter,Dynamic,ii,3,0x08,2647624478.0
twitter,Dynamic,ii,3,0x19,182263041.0
twitter,Dynamic,ii,3,0x16,202520924.0
twitter,Dynamic,ii,3,0x17,30497484.0
twitter,Dynamic,ii,4,0x08,1152538597.0
twitter,Dynamic,ii,4,0x19,212073742.0
twitter,Dynamic,ii,4,0x16,399370037.0
twitter,Dynamic,ii,4,0x17,38810469.0
twitter,Dynamic,ii,5,0x08,1211260204.0
twitter,Dynamic,ii,5,0x19,168282783.0
twitter,Dynamic,ii,5,0x16,296239414.0
twitter,Dynamic,ii,5,0x17,28250311.0
twitter,Dynamic,ii,6,0x08,378908161.0
twitter,Dynamic,ii,6,0x19,179630976.0
twitter,Dynamic,ii,6,0x16,310995130.0
twitter,Dynamic,ii,6,0x17,29570029.0
twitter,Dynamic,ii,7,0x08,71102310.0
twitter,Dynamic,ii,7,0x19,180121973.0
twitter,Dynamic,ii,7,0x16,296362907.0
twitter,Dynamic,ii,7,0x17,29148404.0
youtube,Dynamic,ii,0,0x08,2971334063.0
youtube,Dynamic,ii,0,0x19,219330883.0
youtube,Dynamic,ii,0,0x16,234053391.0
youtube,Dynamic,ii,0,0x17,37051419.0
youtube,Dynamic,ii,1,0x08,2631971308.0
youtube,Dynamic,ii,1,0x19,203609049.0
youtube,Dynamic,ii,1,0x16,211407120.0
youtube,Dynamic,ii,1,0x17,34196210.0
youtube,Dynamic,ii,2,0x08,2876774455.0
youtube,Dynamic,ii,2,0x19,200211105.0
youtube,Dynamic,ii,2,0x16,198523697.0
youtube,Dynamic,ii,2,0x17,32667427.0
youtube,Dynamic,ii,3,0x08,2748993909.0
youtube,Dynamic,ii,3,0x19,198519734.0
youtube,Dynamic,ii,3,0x16,197831174.0
youtube,Dynamic,ii,3,0x17,32835158.0
youtube,Dynamic,ii,4,0x08,2548299170.0
youtube,Dynamic,ii,4,0x19,275879282.0
youtube,Dynamic,ii,4,0x16,563908234.0
youtube,Dynamic,ii,4,0x17,52499955.0
youtube,Dynamic,ii,5,0x08,1014411129.0
youtube,Dynamic,ii,5,0x19,202161781.0
youtube,Dynamic,ii,5,0x16,327133934.0
youtube,Dynamic,ii,5,0x17,33538268.0
youtube,Dynamic,ii,6,0x08,1626514712.0
youtube,Dynamic,ii,6,0x19,201738376.0
youtube,Dynamic,ii,6,0x16,351998686.0
youtube,Dynamic,ii,6,0x17,33011775.0
youtube,Dynamic,ii,7,0x08,1156891979.0
youtube,Dynamic,ii,7,0x19,177929070.0
youtube,Dynamic,ii,7,0x16,318380968.0
youtube,Dynamic,ii,7,0x17,30092709.0
amazon,1Big,ii,0,0x08,1221493259.0
amazon,1Big,ii,0,0x19,88046928.0
amazon,1Big,ii,0,0x16,85814392.0
amazon,1Big,ii,0,0x17,14150603.0
amazon,1Big,ii,1,0x08,1288371976.0
amazon,1Big,ii,1,0x19,96227055.0
amazon,1Big,ii,1,0x16,88446628.0
amazon,1Big,ii,1,0x17,15077537.0
amazon,1Big,ii,2,0x08,1307427973.0
amazon,1Big,ii,2,0x19,91647232.0
amazon,1Big,ii,2,0x16,89201708.0
amazon,1Big,ii,2,0x17,14797761.0
amazon,1Big,ii,3,0x08,1208659072.0
amazon,1Big,ii,3,0x19,94285248.0
amazon,1Big,ii,3,0x16,86221238.0
amazon,1Big,ii,3,0x17,14712857.0
amazon,1Big,ii,4,0x08,292808070.0
amazon,1Big,ii,4,0x19,131635743.0
amazon,1Big,ii,4,0x16,351584861.0
amazon,1Big,ii,4,0x17,26067629.0
amazon,1Big,ii,5,0x08,2956427310.0
amazon,1Big,ii,5,0x19,70115669.0
amazon,1Big,ii,5,0x16,183650377.0
amazon,1Big,ii,5,0x17,12016180.0
amazon,1Big,ii,6,0x08,2232409103.0
amazon,1Big,ii,6,0x19,92170152.0
amazon,1Big,ii,6,0x16,147757057.0
amazon,1Big,ii,6,0x17,15184671.0
amazon,1Big,ii,7,0x08,2322226779.0
amazon,1Big,ii,7,0x19,81189812.0
amazon,1Big,ii,7,0x16,137227209.0
amazon,1Big,ii,7,0x17,13070399.0
bbc,1Big,ii,0,0x08,1745285393.0
bbc,1Big,ii,0,0x19,132899124.0
bbc,1Big,ii,0,0x16,118560002.0
bbc,1Big,ii,0,0x17,20931639.0
bbc,1Big,ii,1,0x08,1751457921.0
bbc,1Big,ii,1,0x19,129561320.0
bbc,1Big,ii,1,0x16,115036226.0
bbc,1Big,ii,1,0x17,20240636.0
bbc,1Big,ii,2,0x08,1701501044.0
bbc,1Big,ii,2,0x19,126886963.0
bbc,1Big,ii,2,0x16,112117212.0
bbc,1Big,ii,2,0x17,19876239.0
bbc,1Big,ii,3,0x08,1717730535.0
bbc,1Big,ii,3,0x19,126955891.0
bbc,1Big,ii,3,0x16,113540324.0
bbc,1Big,ii,3,0x17,19917530.0
bbc,1Big,ii,4,0x08,3579948897.0
bbc,1Big,ii,4,0x19,212715783.0
bbc,1Big,ii,4,0x16,570280756.0
bbc,1Big,ii,4,0x17,42623722.0
bbc,1Big,ii,5,0x08,3770297994.0
bbc,1Big,ii,5,0x19,113861796.0
bbc,1Big,ii,5,0x16,234604072.0
bbc,1Big,ii,5,0x17,19699974.0
bbc,1Big,ii,6,0x08,3637898589.0
bbc,1Big,ii,6,0x19,124696070.0
bbc,1Big,ii,6,0x16,230499566.0
bbc,1Big,ii,6,0x17,21302092.0
bbc,1Big,ii,7,0x08,2236313044.0
bbc,1Big,ii,7,0x19,87162545.0
bbc,1Big,ii,7,0x16,154633554.0
bbc,1Big,ii,7,0x17,13862837.0
cnn,1Big,ii,0,0x08,2987058032.0
cnn,1Big,ii,0,0x19,164365508.0
cnn,1Big,ii,0,0x16,158984852.0
cnn,1Big,ii,0,0x17,26835538.0
cnn,1Big,ii,1,0x08,3031399561.0
cnn,1Big,ii,1,0x19,162223392.0
cnn,1Big,ii,1,0x16,162202693.0
cnn,1Big,ii,1,0x17,26810211.0
cnn,1Big,ii,2,0x08,3075967001.0
cnn,1Big,ii,2,0x19,163824790.0
cnn,1Big,ii,2,0x16,168538015.0
cnn,1Big,ii,2,0x17,27162386.0
cnn,1Big,ii,3,0x08,2882987789.0
cnn,1Big,ii,3,0x19,169168470.0
cnn,1Big,ii,3,0x16,156661354.0
cnn,1Big,ii,3,0x17,27214319.0
cnn,1Big,ii,4,0x08,1146424737.0
cnn,1Big,ii,4,0x19,293087682.0
cnn,1Big,ii,4,0x16,750249835.0
cnn,1Big,ii,4,0x17,59769165.0
cnn,1Big,ii,5,0x08,1333774127.0
cnn,1Big,ii,5,0x19,133134070.0
cnn,1Big,ii,5,0x16,273402255.0
cnn,1Big,ii,5,0x17,23134100.0
cnn,1Big,ii,6,0x08,1435260637.0
cnn,1Big,ii,6,0x19,132434164.0
cnn,1Big,ii,6,0x16,276954502.0
cnn,1Big,ii,6,0x17,23496676.0
cnn,1Big,ii,7,0x08,740503190.0
cnn,1Big,ii,7,0x19,123403087.0
cnn,1Big,ii,7,0x16,218187496.0
cnn,1Big,ii,7,0x17,20880795.0
craigslist,1Big,ii,0,0x08,1498523892.0
craigslist,1Big,ii,0,0x19,116202321.0
craigslist,1Big,ii,0,0x16,115457516.0
craigslist,1Big,ii,0,0x17,18562632.0
craigslist,1Big,ii,1,0x08,1502010324.0
craigslist,1Big,ii,1,0x19,102352250.0
craigslist,1Big,ii,1,0x16,114544694.0
craigslist,1Big,ii,1,0x17,16785722.0
craigslist,1Big,ii,2,0x08,1549118748.0
craigslist,1Big,ii,2,0x19,109820544.0
craigslist,1Big,ii,2,0x16,118798032.0
craigslist,1Big,ii,2,0x17,18142146.0
craigslist,1Big,ii,3,0x08,1729418735.0
craigslist,1Big,ii,3,0x19,111591557.0
craigslist,1Big,ii,3,0x16,133113717.0
craigslist,1Big,ii,3,0x17,18317139.0
craigslist,1Big,ii,4,0x08,703186486.0
craigslist,1Big,ii,4,0x19,114667311.0
craigslist,1Big,ii,4,0x16,377344901.0
craigslist,1Big,ii,4,0x17,22157548.0
craigslist,1Big,ii,5,0x08,3243923361.0
craigslist,1Big,ii,5,0x19,70604272.0
craigslist,1Big,ii,5,0x16,194251434.0
craigslist,1Big,ii,5,0x17,12050288.0
craigslist,1Big,ii,6,0x08,2616001022.0
craigslist,1Big,ii,6,0x19,66067582.0
craigslist,1Big,ii,6,0x16,155699341.0
craigslist,1Big,ii,6,0x17,10933023.0
craigslist,1Big,ii,7,0x08,2226790302.0
craigslist,1Big,ii,7,0x19,75645778.0
craigslist,1Big,ii,7,0x16,133040410.0
craigslist,1Big,ii,7,0x17,11978488.0
ebay,1Big,ii,0,0x08,2325572508.0
ebay,1Big,ii,0,0x19,172673290.0
ebay,1Big,ii,0,0x16,168714927.0
ebay,1Big,ii,0,0x17,28124205.0
ebay,1Big,ii,1,0x08,2229212787.0
ebay,1Big,ii,1,0x19,160925013.0
ebay,1Big,ii,1,0x16,164625404.0
ebay,1Big,ii,1,0x17,26327061.0
ebay,1Big,ii,2,0x08,2259975168.0
ebay,1Big,ii,2,0x19,154842204.0
ebay,1Big,ii,2,0x16,160911612.0
ebay,1Big,ii,2,0x17,25629214.0
ebay,1Big,ii,3,0x08,2282687023.0
ebay,1Big,ii,3,0x19,162987294.0
ebay,1Big,ii,3,0x16,168304792.0
ebay,1Big,ii,3,0x17,26663179.0
ebay,1Big,ii,4,0x08,2728677174.0
ebay,1Big,ii,4,0x19,214667804.0
ebay,1Big,ii,4,0x16,548696583.0
ebay,1Big,ii,4,0x17,44437566.0
ebay,1Big,ii,5,0x08,3621191789.0
ebay,1Big,ii,5,0x19,99808048.0
ebay,1Big,ii,5,0x16,249975041.0
ebay,1Big,ii,5,0x17,18456823.0
ebay,1Big,ii,6,0x08,3586070403.0
ebay,1Big,ii,6,0x19,84866737.0
ebay,1Big,ii,6,0x16,234939983.0
ebay,1Big,ii,6,0x17,15547508.0
ebay,1Big,ii,7,0x08,3079229996.0
ebay,1Big,ii,7,0x19,97090078.0
ebay,1Big,ii,7,0x16,197376922.0
ebay,1Big,ii,7,0x17,17102415.0
google,1Big,ii,0,0x08,1074756714.0
google,1Big,ii,0,0x19,83364570.0
google,1Big,ii,0,0x16,82642540.0
google,1Big,ii,0,0x17,13645010.0
google,1Big,ii,1,0x08,1150981098.0
google,1Big,ii,1,0x19,79582759.0
google,1Big,ii,1,0x16,89885901.0
google,1Big,ii,1,0x17,13419025.0
google,1Big,ii,2,0x08,1083967909.0
google,1Big,ii,2,0x19,80504254.0
google,1Big,ii,2,0x16,86811425.0
google,1Big,ii,2,0x17,13677978.0
google,1Big,ii,3,0x08,1026486879.0
google,1Big,ii,3,0x19,79494261.0
google,1Big,ii,3,0x16,84170776.0
google,1Big,ii,3,0x17,13317277.0
google,1Big,ii,4,0x08,2473180110.0
google,1Big,ii,4,0x19,78548427.0
google,1Big,ii,4,0x16,173287498.0
google,1Big,ii,4,0x17,15619119.0
google,1Big,ii,5,0x08,2303904620.0
google,1Big,ii,5,0x19,44316770.0
google,1Big,ii,5,0x16,139499286.0
google,1Big,ii,5,0x17,7926427.0
google,1Big,ii,6,0x08,2059996594.0
google,1Big,ii,6,0x19,37488053.0
google,1Big,ii,6,0x16,107690812.0
google,1Big,ii,6,0x17,6751122.0
google,1Big,ii,7,0x08,1663093329.0
google,1Big,ii,7,0x19,40981217.0
google,1Big,ii,7,0x16,95447259.0
google,1Big,ii,7,0x17,6797869.0
msn,1Big,ii,0,0x08,2099863041.0
msn,1Big,ii,0,0x19,159098107.0
msn,1Big,ii,0,0x16,157232142.0
msn,1Big,ii,0,0x17,25582014.0
msn,1Big,ii,1,0x08,1723108829.0
msn,1Big,ii,1,0x19,141319555.0
msn,1Big,ii,1,0x16,128053403.0
msn,1Big,ii,1,0x17,22732032.0
msn,1Big,ii,2,0x08,1708979939.0
msn,1Big,ii,2,0x19,133213824.0
msn,1Big,ii,2,0x16,124608866.0
msn,1Big,ii,2,0x17,21711042.0
msn,1Big,ii,3,0x08,1752160069.0
msn,1Big,ii,3,0x19,144251072.0
msn,1Big,ii,3,0x16,122723856.0
msn,1Big,ii,3,0x17,22576973.0
msn,1Big,ii,4,0x08,1689068537.0
msn,1Big,ii,4,0x19,222062233.0
msn,1Big,ii,4,0x16,805584800.0
msn,1Big,ii,4,0x17,42820301.0
msn,1Big,ii,5,0x08,1708034093.0
msn,1Big,ii,5,0x19,100926659.0
msn,1Big,ii,5,0x16,387106242.0
msn,1Big,ii,5,0x17,17379238.0
msn,1Big,ii,6,0x08,3496367758.0
msn,1Big,ii,6,0x19,119855528.0
msn,1Big,ii,6,0x16,233728482.0
msn,1Big,ii,6,0x17,20025910.0
msn,1Big,ii,7,0x08,2577599802.0
msn,1Big,ii,7,0x19,92188050.0
msn,1Big,ii,7,0x16,173092058.0
msn,1Big,ii,7,0x17,14901168.0
slashdot,1Big,ii,0,0x08,1626586205.0
slashdot,1Big,ii,0,0x19,109944295.0
slashdot,1Big,ii,0,0x16,96157562.0
slashdot,1Big,ii,0,0x17,16771959.0
slashdot,1Big,ii,1,0x08,1597545040.0
slashdot,1Big,ii,1,0x19,111503706.0
slashdot,1Big,ii,1,0x16,102655580.0
slashdot,1Big,ii,1,0x17,17619711.0
slashdot,1Big,ii,2,0x08,1639257643.0
slashdot,1Big,ii,2,0x19,107788465.0
slashdot,1Big,ii,2,0x16,96863279.0
slashdot,1Big,ii,2,0x17,16563557.0
slashdot,1Big,ii,3,0x08,1728002850.0
slashdot,1Big,ii,3,0x19,118068758.0
slashdot,1Big,ii,3,0x16,110928764.0
slashdot,1Big,ii,3,0x17,18432156.0
slashdot,1Big,ii,4,0x08,2195566015.0
slashdot,1Big,ii,4,0x19,190624138.0
slashdot,1Big,ii,4,0x16,472871201.0
slashdot,1Big,ii,4,0x17,37935585.0
slashdot,1Big,ii,5,0x08,3286649603.0
slashdot,1Big,ii,5,0x19,99572764.0
slashdot,1Big,ii,5,0x16,204258497.0
slashdot,1Big,ii,5,0x17,17263856.0
slashdot,1Big,ii,6,0x08,3143052066.0
slashdot,1Big,ii,6,0x19,91968230.0
slashdot,1Big,ii,6,0x16,218878933.0
slashdot,1Big,ii,6,0x17,16009027.0
slashdot,1Big,ii,7,0x08,2290766309.0
slashdot,1Big,ii,7,0x19,78697326.0
slashdot,1Big,ii,7,0x16,147469561.0
slashdot,1Big,ii,7,0x17,12583017.0
twitter,1Big,ii,0,0x08,1746536083.0
twitter,1Big,ii,0,0x19,124971192.0
twitter,1Big,ii,0,0x16,116144783.0
twitter,1Big,ii,0,0x17,19755250.0
twitter,1Big,ii,1,0x08,1855018585.0
twitter,1Big,ii,1,0x19,125346307.0
twitter,1Big,ii,1,0x16,116247710.0
twitter,1Big,ii,1,0x17,19340236.0
twitter,1Big,ii,2,0x08,1826278525.0
twitter,1Big,ii,2,0x19,115471427.0
twitter,1Big,ii,2,0x16,108339901.0
twitter,1Big,ii,2,0x17,17982425.0
twitter,1Big,ii,3,0x08,1714921932.0
twitter,1Big,ii,3,0x19,125667725.0
twitter,1Big,ii,3,0x16,115191494.0
twitter,1Big,ii,3,0x17,19694250.0
twitter,1Big,ii,4,0x08,1682742872.0
twitter,1Big,ii,4,0x19,182231295.0
twitter,1Big,ii,4,0x16,453855217.0
twitter,1Big,ii,4,0x17,35248718.0
twitter,1Big,ii,5,0x08,3286154768.0
twitter,1Big,ii,5,0x19,126442552.0
twitter,1Big,ii,5,0x16,198038424.0
twitter,1Big,ii,5,0x17,20872960.0
twitter,1Big,ii,6,0x08,4214129328.0
twitter,1Big,ii,6,0x19,93387270.0
twitter,1Big,ii,6,0x16,223588333.0
twitter,1Big,ii,6,0x17,16600763.0
twitter,1Big,ii,7,0x08,2944336028.0
twitter,1Big,ii,7,0x19,111168179.0
twitter,1Big,ii,7,0x16,166731795.0
twitter,1Big,ii,7,0x17,17608503.0
youtube,1Big,ii,0,0x08,2265697839.0
youtube,1Big,ii,0,0x19,150549333.0
youtube,1Big,ii,0,0x16,133835611.0
youtube,1Big,ii,0,0x17,23657155.0
youtube,1Big,ii,1,0x08,2114539512.0
youtube,1Big,ii,1,0x19,148173552.0
youtube,1Big,ii,1,0x16,128415635.0
youtube,1Big,ii,1,0x17,23052134.0
youtube,1Big,ii,2,0x08,2112986514.0
youtube,1Big,ii,2,0x19,150047087.0
youtube,1Big,ii,2,0x16,127842230.0
youtube,1Big,ii,2,0x17,23234301.0
youtube,1Big,ii,3,0x08,2107161959.0
youtube,1Big,ii,3,0x19,148350278.0
youtube,1Big,ii,3,0x16,127271725.0
youtube,1Big,ii,3,0x17,22921862.0
youtube,1Big,ii,4,0x08,2653985077.0
youtube,1Big,ii,4,0x19,236076388.0
youtube,1Big,ii,4,0x16,598050566.0
youtube,1Big,ii,4,0x17,47491162.0
youtube,1Big,ii,5,0x08,403615851.0
youtube,1Big,ii,5,0x19,114704819.0
youtube,1Big,ii,5,0x16,263291266.0
youtube,1Big,ii,5,0x17,19932283.0
youtube,1Big,ii,6,0x08,574293369.0
youtube,1Big,ii,6,0x19,135250078.0
youtube,1Big,ii,6,0x16,240205714.0
youtube,1Big,ii,6,0x17,22062223.0
youtube,1Big,ii,7,0x08,3266883421.0
youtube,1Big,ii,7,0x19,99252022.0
youtube,1Big,ii,7,0x16,165771748.0
youtube,1Big,ii,7,0x17,16777562.0
amazon,2Big,ii,0,0x08,1031120568.0
amazon,2Big,ii,0,0x19,68643638.0
amazon,2Big,ii,0,0x16,65647595.0
amazon,2Big,ii,0,0x17,10036434.0
amazon,2Big,ii,1,0x08,964821328.0
amazon,2Big,ii,1,0x19,70682756.0
amazon,2Big,ii,1,0x16,66669943.0
amazon,2Big,ii,1,0x17,10490780.0
amazon,2Big,ii,2,0x08,995483734.0
amazon,2Big,ii,2,0x19,68937044.0
amazon,2Big,ii,2,0x16,66538172.0
amazon,2Big,ii,2,0x17,10412661.0
amazon,2Big,ii,3,0x08,1017798020.0
amazon,2Big,ii,3,0x19,66001068.0
amazon,2Big,ii,3,0x16,65670887.0
amazon,2Big,ii,3,0x17,9961571.0
amazon,2Big,ii,4,0x08,407660655.0
amazon,2Big,ii,4,0x19,171966946.0
amazon,2Big,ii,4,0x16,369062321.0
amazon,2Big,ii,4,0x17,33283546.0
amazon,2Big,ii,5,0x08,2951622791.0
amazon,2Big,ii,5,0x19,147805252.0
amazon,2Big,ii,5,0x16,222660859.0
amazon,2Big,ii,5,0x17,27459175.0
amazon,2Big,ii,6,0x08,3365960662.0
amazon,2Big,ii,6,0x19,114485188.0
amazon,2Big,ii,6,0x16,204279316.0
amazon,2Big,ii,6,0x17,19883041.0
amazon,2Big,ii,7,0x08,3223806389.0
amazon,2Big,ii,7,0x19,134627384.0
amazon,2Big,ii,7,0x16,202263407.0
amazon,2Big,ii,7,0x17,23030628.0
bbc,2Big,ii,0,0x08,1568112862.0
bbc,2Big,ii,0,0x19,99682506.0
bbc,2Big,ii,0,0x16,91397809.0
bbc,2Big,ii,0,0x17,15175501.0
bbc,2Big,ii,1,0x08,1630453183.0
bbc,2Big,ii,1,0x19,110786380.0
bbc,2Big,ii,1,0x16,91195144.0
bbc,2Big,ii,1,0x17,16353928.0
bbc,2Big,ii,2,0x08,1547158747.0
bbc,2Big,ii,2,0x19,104940140.0
bbc,2Big,ii,2,0x16,88095801.0
bbc,2Big,ii,2,0x17,15924374.0
bbc,2Big,ii,3,0x08,1550969525.0
bbc,2Big,ii,3,0x19,111364454.0
bbc,2Big,ii,3,0x16,93162615.0
bbc,2Big,ii,3,0x17,16489391.0
bbc,2Big,ii,4,0x08,3693470346.0
bbc,2Big,ii,4,0x19,251814384.0
bbc,2Big,ii,4,0x16,604769675.0
bbc,2Big,ii,4,0x17,50860878.0
bbc,2Big,ii,5,0x08,3360090450.0
bbc,2Big,ii,5,0x19,183031824.0
bbc,2Big,ii,5,0x16,273741020.0
bbc,2Big,ii,5,0x17,34225813.0
bbc,2Big,ii,6,0x08,409983227.0
bbc,2Big,ii,6,0x19,142048396.0
bbc,2Big,ii,6,0x16,270712213.0
bbc,2Big,ii,6,0x17,25476942.0
bbc,2Big,ii,7,0x08,3337491871.0
bbc,2Big,ii,7,0x19,154370151.0
bbc,2Big,ii,7,0x16,239848145.0
bbc,2Big,ii,7,0x17,26209894.0
cnn,2Big,ii,0,0x08,2851810660.0
cnn,2Big,ii,0,0x19,142310974.0
cnn,2Big,ii,0,0x16,132710337.0
cnn,2Big,ii,0,0x17,22595146.0
cnn,2Big,ii,1,0x08,2736503168.0
cnn,2Big,ii,1,0x19,139587776.0
cnn,2Big,ii,1,0x16,127405100.0
cnn,2Big,ii,1,0x17,21459380.0
cnn,2Big,ii,2,0x08,2827674944.0
cnn,2Big,ii,2,0x19,141173860.0
cnn,2Big,ii,2,0x16,127719634.0
cnn,2Big,ii,2,0x17,22104993.0
cnn,2Big,ii,3,0x08,2644366381.0
cnn,2Big,ii,3,0x19,128117265.0
cnn,2Big,ii,3,0x16,128638968.0
cnn,2Big,ii,3,0x17,20560969.0
cnn,2Big,ii,4,0x08,1328306388.0
cnn,2Big,ii,4,0x19,330581344.0
cnn,2Big,ii,4,0x16,752180179.0
cnn,2Big,ii,4,0x17,68299120.0
cnn,2Big,ii,5,0x08,1464405575.0
cnn,2Big,ii,5,0x19,231836178.0
cnn,2Big,ii,5,0x16,370141731.0
cnn,2Big,ii,5,0x17,44539261.0
cnn,2Big,ii,6,0x08,2183278787.0
cnn,2Big,ii,6,0x19,173939075.0
cnn,2Big,ii,6,0x16,341026618.0
cnn,2Big,ii,6,0x17,30813717.0
cnn,2Big,ii,7,0x08,1161367387.0
cnn,2Big,ii,7,0x19,179244073.0
cnn,2Big,ii,7,0x16,272999288.0
cnn,2Big,ii,7,0x17,31464254.0
craigslist,2Big,ii,0,0x08,761295219.0
craigslist,2Big,ii,0,0x19,54172930.0
craigslist,2Big,ii,0,0x16,55419427.0
craigslist,2Big,ii,0,0x17,7916207.0
craigslist,2Big,ii,1,0x08,708705991.0
craigslist,2Big,ii,1,0x19,50431199.0
craigslist,2Big,ii,1,0x16,50515198.0
craigslist,2Big,ii,1,0x17,7297827.0
craigslist,2Big,ii,2,0x08,680521146.0
craigslist,2Big,ii,2,0x19,38955331.0
craigslist,2Big,ii,2,0x16,47165265.0
craigslist,2Big,ii,2,0x17,6042167.0
craigslist,2Big,ii,3,0x08,705942225.0
craigslist,2Big,ii,3,0x19,44577389.0
craigslist,2Big,ii,3,0x16,48385992.0
craigslist,2Big,ii,3,0x17,6537230.0
craigslist,2Big,ii,4,0x08,627860559.0
craigslist,2Big,ii,4,0x19,137249313.0
craigslist,2Big,ii,4,0x16,368197584.0
craigslist,2Big,ii,4,0x17,26521774.0
craigslist,2Big,ii,5,0x08,2687061521.0
craigslist,2Big,ii,5,0x19,134303599.0
craigslist,2Big,ii,5,0x16,204238315.0
craigslist,2Big,ii,5,0x17,23419793.0
craigslist,2Big,ii,6,0x08,3007534550.0
craigslist,2Big,ii,6,0x19,129451665.0
craigslist,2Big,ii,6,0x16,199092766.0
craigslist,2Big,ii,6,0x17,21883578.0
craigslist,2Big,ii,7,0x08,2721108478.0
craigslist,2Big,ii,7,0x19,119670189.0
craigslist,2Big,ii,7,0x16,175152105.0
craigslist,2Big,ii,7,0x17,19831837.0
ebay,2Big,ii,0,0x08,1368564680.0
ebay,2Big,ii,0,0x19,100885173.0
ebay,2Big,ii,0,0x16,90990101.0
ebay,2Big,ii,0,0x17,15235237.0
ebay,2Big,ii,1,0x08,1485826386.0
ebay,2Big,ii,1,0x19,116997368.0
ebay,2Big,ii,1,0x16,98823670.0
ebay,2Big,ii,1,0x17,17185506.0
ebay,2Big,ii,2,0x08,1435997488.0
ebay,2Big,ii,2,0x19,104256861.0
ebay,2Big,ii,2,0x16,90383252.0
ebay,2Big,ii,2,0x17,15352061.0
ebay,2Big,ii,3,0x08,1335537860.0
ebay,2Big,ii,3,0x19,100639067.0
ebay,2Big,ii,3,0x16,90870518.0
ebay,2Big,ii,3,0x17,15060200.0
ebay,2Big,ii,4,0x08,2354427576.0
ebay,2Big,ii,4,0x19,255421683.0
ebay,2Big,ii,4,0x16,538646068.0
ebay,2Big,ii,4,0x17,53011198.0
ebay,2Big,ii,5,0x08,4208429082.0
ebay,2Big,ii,5,0x19,194508160.0
ebay,2Big,ii,5,0x16,338308741.0
ebay,2Big,ii,5,0x17,37488824.0
ebay,2Big,ii,6,0x08,4258964073.0
ebay,2Big,ii,6,0x19,155117396.0
ebay,2Big,ii,6,0x16,283705190.0
ebay,2Big,ii,6,0x17,28136649.0
ebay,2Big,ii,7,0x08,4259500841.0
ebay,2Big,ii,7,0x19,154733900.0
ebay,2Big,ii,7,0x16,300619155.0
ebay,2Big,ii,7,0x17,28279127.0
google,2Big,ii,0,0x08,1523835738.0
google,2Big,ii,0,0x19,88207661.0
google,2Big,ii,0,0x16,117252986.0
google,2Big,ii,0,0x17,15088727.0
google,2Big,ii,1,0x08,1798466664.0
google,2Big,ii,1,0x19,86861468.0
google,2Big,ii,1,0x16,135769914.0
google,2Big,ii,1,0x17,14894304.0
google,2Big,ii,2,0x08,2056424214.0
google,2Big,ii,2,0x19,96746251.0
google,2Big,ii,2,0x16,158372356.0
google,2Big,ii,2,0x17,17030595.0
google,2Big,ii,3,0x08,1946741092.0
google,2Big,ii,3,0x19,98661642.0
google,2Big,ii,3,0x16,148168536.0
google,2Big,ii,3,0x17,16923677.0
google,2Big,ii,4,0x08,2636625695.0
google,2Big,ii,4,0x19,70304865.0
google,2Big,ii,4,0x16,154851574.0
google,2Big,ii,4,0x17,10526216.0
google,2Big,ii,5,0x08,3543517577.0
google,2Big,ii,5,0x19,102241193.0
google,2Big,ii,5,0x16,246423891.0
google,2Big,ii,5,0x17,20032602.0
google,2Big,ii,6,0x08,3612599551.0
google,2Big,ii,6,0x19,89434881.0
google,2Big,ii,6,0x16,229987493.0
google,2Big,ii,6,0x17,15058684.0
google,2Big,ii,7,0x08,2546922115.0
google,2Big,ii,7,0x19,85692918.0
google,2Big,ii,7,0x16,167804627.0
google,2Big,ii,7,0x17,14008548.0
msn,2Big,ii,0,0x08,1441668242.0
msn,2Big,ii,0,0x19,111961327.0
msn,2Big,ii,0,0x16,100689719.0
msn,2Big,ii,0,0x17,16956069.0
msn,2Big,ii,1,0x08,1383285701.0
msn,2Big,ii,1,0x19,117655381.0
msn,2Big,ii,1,0x16,101010407.0
msn,2Big,ii,1,0x17,17678377.0
msn,2Big,ii,2,0x08,1389181763.0
msn,2Big,ii,2,0x19,114425425.0
msn,2Big,ii,2,0x16,97279567.0
msn,2Big,ii,2,0x17,17364723.0
msn,2Big,ii,3,0x08,1473540041.0
msn,2Big,ii,3,0x19,115766129.0
msn,2Big,ii,3,0x16,96720299.0
msn,2Big,ii,3,0x17,17485519.0
msn,2Big,ii,4,0x08,1558649039.0
msn,2Big,ii,4,0x19,235863416.0
msn,2Big,ii,4,0x16,831566914.0
msn,2Big,ii,4,0x17,46460633.0
msn,2Big,ii,5,0x08,3800848381.0
msn,2Big,ii,5,0x19,210355246.0
msn,2Big,ii,5,0x16,316523297.0
msn,2Big,ii,5,0x17,38891515.0
msn,2Big,ii,6,0x08,1562728996.0
msn,2Big,ii,6,0x19,179635085.0
msn,2Big,ii,6,0x16,413892929.0
msn,2Big,ii,6,0x17,30694521.0
msn,2Big,ii,7,0x08,3950357965.0
msn,2Big,ii,7,0x19,124014131.0
msn,2Big,ii,7,0x16,245132296.0
msn,2Big,ii,7,0x17,21266671.0
slashdot,2Big,ii,0,0x08,1324295683.0
slashdot,2Big,ii,0,0x19,89107928.0
slashdot,2Big,ii,0,0x16,73582144.0
slashdot,2Big,ii,0,0x17,12624808.0
slashdot,2Big,ii,1,0x08,1293551992.0
slashdot,2Big,ii,1,0x19,92499040.0
slashdot,2Big,ii,1,0x16,75576869.0
slashdot,2Big,ii,1,0x17,13336702.0
slashdot,2Big,ii,2,0x08,1275813714.0
slashdot,2Big,ii,2,0x19,76238376.0
slashdot,2Big,ii,2,0x16,70258873.0
slashdot,2Big,ii,2,0x17,11263353.0
slashdot,2Big,ii,3,0x08,1322931593.0
slashdot,2Big,ii,3,0x19,81953560.0
slashdot,2Big,ii,3,0x16,68359744.0
slashdot,2Big,ii,3,0x17,11505325.0
slashdot,2Big,ii,4,0x08,2060253420.0
slashdot,2Big,ii,4,0x19,216637721.0
slashdot,2Big,ii,4,0x16,479284186.0
slashdot,2Big,ii,4,0x17,43719602.0
slashdot,2Big,ii,5,0x08,3175835502.0
slashdot,2Big,ii,5,0x19,172545164.0
slashdot,2Big,ii,5,0x16,241879896.0
slashdot,2Big,ii,5,0x17,31751161.0
slashdot,2Big,ii,6,0x08,3908718134.0
slashdot,2Big,ii,6,0x19,130854174.0
slashdot,2Big,ii,6,0x16,244703274.0
slashdot,2Big,ii,6,0x17,22871795.0
slashdot,2Big,ii,7,0x08,2998160930.0
slashdot,2Big,ii,7,0x19,129596847.0
slashdot,2Big,ii,7,0x16,206437272.0
slashdot,2Big,ii,7,0x17,22011288.0
twitter,2Big,ii,0,0x08,1474356769.0
twitter,2Big,ii,0,0x19,81860849.0
twitter,2Big,ii,0,0x16,84228627.0
twitter,2Big,ii,0,0x17,11984378.0
twitter,2Big,ii,1,0x08,1349574868.0
twitter,2Big,ii,1,0x19,84764045.0
twitter,2Big,ii,1,0x16,82134512.0
twitter,2Big,ii,1,0x17,12135496.0
twitter,2Big,ii,2,0x08,1562985649.0
twitter,2Big,ii,2,0x19,88208598.0
twitter,2Big,ii,2,0x16,82750176.0
twitter,2Big,ii,2,0x17,12233416.0
twitter,2Big,ii,3,0x08,1456736535.0
twitter,2Big,ii,3,0x19,81179093.0
twitter,2Big,ii,3,0x16,84687695.0
twitter,2Big,ii,3,0x17,11782306.0
twitter,2Big,ii,4,0x08,1766556615.0
twitter,2Big,ii,4,0x19,229123084.0
twitter,2Big,ii,4,0x16,453765969.0
twitter,2Big,ii,4,0x17,44289850.0
twitter,2Big,ii,5,0x08,4029551334.0
twitter,2Big,ii,5,0x19,209802428.0
twitter,2Big,ii,5,0x16,298075304.0
twitter,2Big,ii,5,0x17,37307564.0
twitter,2Big,ii,6,0x08,4138024355.0
twitter,2Big,ii,6,0x19,170738807.0
twitter,2Big,ii,6,0x16,257200532.0
twitter,2Big,ii,6,0x17,29107258.0
twitter,2Big,ii,7,0x08,4172251591.0
twitter,2Big,ii,7,0x19,182541222.0
twitter,2Big,ii,7,0x16,255357664.0
twitter,2Big,ii,7,0x17,30796828.0
youtube,2Big,ii,0,0x08,1845192694.0
youtube,2Big,ii,0,0x19,118079910.0
youtube,2Big,ii,0,0x16,102255454.0
youtube,2Big,ii,0,0x17,17003104.0
youtube,2Big,ii,1,0x08,1781708749.0
youtube,2Big,ii,1,0x19,111454916.0
youtube,2Big,ii,1,0x16,93746654.0
youtube,2Big,ii,1,0x17,15748797.0
youtube,2Big,ii,2,0x08,1878649750.0
youtube,2Big,ii,2,0x19,124287906.0
youtube,2Big,ii,2,0x16,99760946.0
youtube,2Big,ii,2,0x17,17944720.0
youtube,2Big,ii,3,0x08,1915363152.0
youtube,2Big,ii,3,0x19,128082645.0
youtube,2Big,ii,3,0x16,104921085.0
youtube,2Big,ii,3,0x17,18378886.0
youtube,2Big,ii,4,0x08,3089496652.0
youtube,2Big,ii,4,0x19,278079768.0
youtube,2Big,ii,4,0x16,600332785.0
youtube,2Big,ii,4,0x17,56183101.0
youtube,2Big,ii,5,0x08,4201048550.0
youtube,2Big,ii,5,0x19,207677095.0
youtube,2Big,ii,5,0x16,296279567.0
youtube,2Big,ii,5,0x17,39061923.0
youtube,2Big,ii,6,0x08,1081372366.0
youtube,2Big,ii,6,0x19,193619490.0
youtube,2Big,ii,6,0x16,318760213.0
youtube,2Big,ii,6,0x17,33166319.0
youtube,2Big,ii,7,0x08,397898215.0
youtube,2Big,ii,7,0x19,175483655.0
youtube,2Big,ii,7,0x16,270903738.0
youtube,2Big,ii,7,0x17,30052421.0
amazon,3Big,ii,0,0x08,1008274459.0
amazon,3Big,ii,0,0x19,60205401.0
amazon,3Big,ii,0,0x16,62313324.0
amazon,3Big,ii,0,0x17,9022546.0
amazon,3Big,ii,1,0x08,936646024.0
amazon,3Big,ii,1,0x19,73088079.0
amazon,3Big,ii,1,0x16,66729207.0
amazon,3Big,ii,1,0x17,10678234.0
amazon,3Big,ii,2,0x08,995150443.0
amazon,3Big,ii,2,0x19,62882085.0
amazon,3Big,ii,2,0x16,64048236.0
amazon,3Big,ii,2,0x17,9213340.0
amazon,3Big,ii,3,0x08,974141923.0
amazon,3Big,ii,3,0x19,63035479.0
amazon,3Big,ii,3,0x16,63280198.0
amazon,3Big,ii,3,0x17,9393497.0
amazon,3Big,ii,4,0x08,375434688.0
amazon,3Big,ii,4,0x19,170839078.0
amazon,3Big,ii,4,0x16,370547130.0
amazon,3Big,ii,4,0x17,33648012.0
amazon,3Big,ii,5,0x08,3014203744.0
amazon,3Big,ii,5,0x19,141896435.0
amazon,3Big,ii,5,0x16,212951644.0
amazon,3Big,ii,5,0x17,26338054.0
amazon,3Big,ii,6,0x08,3168425752.0
amazon,3Big,ii,6,0x19,125771011.0
amazon,3Big,ii,6,0x16,213828643.0
amazon,3Big,ii,6,0x17,21646846.0
amazon,3Big,ii,7,0x08,2832153892.0
amazon,3Big,ii,7,0x19,137418103.0
amazon,3Big,ii,7,0x16,190147371.0
amazon,3Big,ii,7,0x17,22715225.0
bbc,3Big,ii,0,0x08,1643954471.0
bbc,3Big,ii,0,0x19,109765029.0
bbc,3Big,ii,0,0x16,93102184.0
bbc,3Big,ii,0,0x17,16340603.0
bbc,3Big,ii,1,0x08,1488504277.0
bbc,3Big,ii,1,0x19,109024614.0
bbc,3Big,ii,1,0x16,91072669.0
bbc,3Big,ii,1,0x17,15839958.0
bbc,3Big,ii,2,0x08,1527705317.0
bbc,3Big,ii,2,0x19,113362939.0
bbc,3Big,ii,2,0x16,89980368.0
bbc,3Big,ii,2,0x17,16640420.0
bbc,3Big,ii,3,0x08,1596329620.0
bbc,3Big,ii,3,0x19,112096244.0
bbc,3Big,ii,3,0x16,89654272.0
bbc,3Big,ii,3,0x17,16215383.0
bbc,3Big,ii,4,0x08,3484775191.0
bbc,3Big,ii,4,0x19,243140526.0
bbc,3Big,ii,4,0x16,579233237.0
bbc,3Big,ii,4,0x17,49750763.0
bbc,3Big,ii,5,0x08,3810252399.0
bbc,3Big,ii,5,0x19,178929640.0
bbc,3Big,ii,5,0x16,282215595.0
bbc,3Big,ii,5,0x17,33488489.0
bbc,3Big,ii,6,0x08,4221479434.0
bbc,3Big,ii,6,0x19,166306205.0
bbc,3Big,ii,6,0x16,265925059.0
bbc,3Big,ii,6,0x17,29250578.0
bbc,3Big,ii,7,0x08,3406803687.0
bbc,3Big,ii,7,0x19,130106371.0
bbc,3Big,ii,7,0x16,236401853.0
bbc,3Big,ii,7,0x17,22355677.0
cnn,3Big,ii,0,0x08,2874054031.0
cnn,3Big,ii,0,0x19,136146108.0
cnn,3Big,ii,0,0x16,130192025.0
cnn,3Big,ii,0,0x17,21215168.0
cnn,3Big,ii,1,0x08,2810137894.0
cnn,3Big,ii,1,0x19,134962854.0
cnn,3Big,ii,1,0x16,126928570.0
cnn,3Big,ii,1,0x17,20843689.0
cnn,3Big,ii,2,0x08,2738153409.0
cnn,3Big,ii,2,0x19,139124864.0
cnn,3Big,ii,2,0x16,126462315.0
cnn,3Big,ii,2,0x17,21566798.0
cnn,3Big,ii,3,0x08,2767155779.0
cnn,3Big,ii,3,0x19,135168419.0
cnn,3Big,ii,3,0x16,128097322.0
cnn,3Big,ii,3,0x17,21038249.0
cnn,3Big,ii,4,0x08,1546814507.0
cnn,3Big,ii,4,0x19,342710233.0
cnn,3Big,ii,4,0x16,792905031.0
cnn,3Big,ii,4,0x17,70042088.0
cnn,3Big,ii,5,0x08,1063294528.0
cnn,3Big,ii,5,0x19,236406919.0
cnn,3Big,ii,5,0x16,355045943.0
cnn,3Big,ii,5,0x17,45527976.0
cnn,3Big,ii,6,0x08,1817603709.0
cnn,3Big,ii,6,0x19,188557509.0
cnn,3Big,ii,6,0x16,313250516.0
cnn,3Big,ii,6,0x17,33449260.0
cnn,3Big,ii,7,0x08,1673031370.0
cnn,3Big,ii,7,0x19,171103256.0
cnn,3Big,ii,7,0x16,278835716.0
cnn,3Big,ii,7,0x17,30315458.0
craigslist,3Big,ii,0,0x08,749754356.0
craigslist,3Big,ii,0,0x19,47935210.0
craigslist,3Big,ii,0,0x16,51121388.0
craigslist,3Big,ii,0,0x17,6976919.0
craigslist,3Big,ii,1,0x08,751439792.0
craigslist,3Big,ii,1,0x19,50037873.0
craigslist,3Big,ii,1,0x16,54240035.0
craigslist,3Big,ii,1,0x17,7346180.0
craigslist,3Big,ii,2,0x08,679841006.0
craigslist,3Big,ii,2,0x19,52589777.0
craigslist,3Big,ii,2,0x16,52218495.0
craigslist,3Big,ii,2,0x17,7635564.0
craigslist,3Big,ii,3,0x08,687002658.0
craigslist,3Big,ii,3,0x19,52234730.0
craigslist,3Big,ii,3,0x16,51440256.0
craigslist,3Big,ii,3,0x17,7586970.0
craigslist,3Big,ii,4,0x08,335757861.0
craigslist,3Big,ii,4,0x19,136523593.0
craigslist,3Big,ii,4,0x16,354735846.0
craigslist,3Big,ii,4,0x17,26409745.0
craigslist,3Big,ii,5,0x08,2916350569.0
craigslist,3Big,ii,5,0x19,134458625.0
craigslist,3Big,ii,5,0x16,211980498.0
craigslist,3Big,ii,5,0x17,24044481.0
craigslist,3Big,ii,6,0x08,2699944458.0
craigslist,3Big,ii,6,0x19,112189098.0
craigslist,3Big,ii,6,0x16,187404665.0
craigslist,3Big,ii,6,0x17,18687020.0
craigslist,3Big,ii,7,0x08,2761273685.0
craigslist,3Big,ii,7,0x19,126136488.0
craigslist,3Big,ii,7,0x16,178148784.0
craigslist,3Big,ii,7,0x17,21018230.0
ebay,3Big,ii,0,0x08,1836186334.0
ebay,3Big,ii,0,0x19,117188232.0
ebay,3Big,ii,0,0x16,129441737.0
ebay,3Big,ii,0,0x17,18156424.0
ebay,3Big,ii,1,0x08,1902059561.0
ebay,3Big,ii,1,0x19,116749967.0
ebay,3Big,ii,1,0x16,133874244.0
ebay,3Big,ii,1,0x17,17792705.0
ebay,3Big,ii,2,0x08,2124690141.0
ebay,3Big,ii,2,0x19,124329835.0
ebay,3Big,ii,2,0x16,152129980.0
ebay,3Big,ii,2,0x17,19384695.0
ebay,3Big,ii,3,0x08,2016211299.0
ebay,3Big,ii,3,0x19,129287619.0
ebay,3Big,ii,3,0x16,143220616.0
ebay,3Big,ii,3,0x17,19767035.0
ebay,3Big,ii,4,0x08,2159856465.0
ebay,3Big,ii,4,0x19,249662997.0
ebay,3Big,ii,4,0x16,536293776.0
ebay,3Big,ii,4,0x17,51616693.0
ebay,3Big,ii,5,0x08,62616691.0
ebay,3Big,ii,5,0x19,194026897.0
ebay,3Big,ii,5,0x16,326280981.0
ebay,3Big,ii,5,0x17,37227425.0
ebay,3Big,ii,6,0x08,4252366725.0
ebay,3Big,ii,6,0x19,132624567.0
ebay,3Big,ii,6,0x16,275769155.0
ebay,3Big,ii,6,0x17,23718134.0
ebay,3Big,ii,7,0x08,3750962929.0
ebay,3Big,ii,7,0x19,138017587.0
ebay,3Big,ii,7,0x16,237204276.0
ebay,3Big,ii,7,0x17,23942622.0
google,3Big,ii,0,0x08,550410122.0
google,3Big,ii,0,0x19,36071361.0
google,3Big,ii,0,0x16,38212443.0
google,3Big,ii,0,0x17,5458795.0
google,3Big,ii,1,0x08,433980909.0
google,3Big,ii,1,0x19,31745652.0
google,3Big,ii,1,0x16,35584906.0
google,3Big,ii,1,0x17,4859662.0
google,3Big,ii,2,0x08,474450663.0
google,3Big,ii,2,0x19,33477203.0
google,3Big,ii,2,0x16,35987424.0
google,3Big,ii,2,0x17,5195391.0
google,3Big,ii,3,0x08,484894972.0
google,3Big,ii,3,0x19,36931656.0
google,3Big,ii,3,0x16,36587633.0
google,3Big,ii,3,0x17,5622640.0
google,3Big,ii,4,0x08,2728409238.0
google,3Big,ii,4,0x19,106705204.0
google,3Big,ii,4,0x16,168310984.0
google,3Big,ii,4,0x17,20473547.0
google,3Big,ii,5,0x08,2395769022.0
google,3Big,ii,5,0x19,92730942.0
google,3Big,ii,5,0x16,175792626.0
google,3Big,ii,5,0x17,17766775.0
google,3Big,ii,6,0x08,2241337092.0
google,3Big,ii,6,0x19,74983718.0
google,3Big,ii,6,0x16,145046973.0
google,3Big,ii,6,0x17,12961964.0
google,3Big,ii,7,0x08,2039101738.0
google,3Big,ii,7,0x19,73475725.0
google,3Big,ii,7,0x16,135139431.0
google,3Big,ii,7,0x17,12878724.0
msn,3Big,ii,0,0x08,1443080532.0
msn,3Big,ii,0,0x19,112821307.0
msn,3Big,ii,0,0x16,100965567.0
msn,3Big,ii,0,0x17,17405916.0
msn,3Big,ii,1,0x08,1362092219.0
msn,3Big,ii,1,0x19,114984502.0
msn,3Big,ii,1,0x16,98190731.0
msn,3Big,ii,1,0x17,17266252.0
msn,3Big,ii,2,0x08,1480718127.0
msn,3Big,ii,2,0x19,121678937.0
msn,3Big,ii,2,0x16,103204635.0
msn,3Big,ii,2,0x17,18236073.0
msn,3Big,ii,3,0x08,1330361372.0
msn,3Big,ii,3,0x19,111483766.0
msn,3Big,ii,3,0x16,95081070.0
msn,3Big,ii,3,0x17,17093184.0
msn,3Big,ii,4,0x08,1743740209.0
msn,3Big,ii,4,0x19,236964468.0
msn,3Big,ii,4,0x16,832734709.0
msn,3Big,ii,4,0x17,46736863.0
msn,3Big,ii,5,0x08,3866057893.0
msn,3Big,ii,5,0x19,197576937.0
msn,3Big,ii,5,0x16,308553625.0
msn,3Big,ii,5,0x17,36784211.0
msn,3Big,ii,6,0x08,1969946175.0
msn,3Big,ii,6,0x19,165054791.0
msn,3Big,ii,6,0x16,411381153.0
msn,3Big,ii,6,0x17,28565446.0
msn,3Big,ii,7,0x08,3451309371.0
msn,3Big,ii,7,0x19,129171674.0
msn,3Big,ii,7,0x16,227638710.0
msn,3Big,ii,7,0x17,22406334.0
slashdot,3Big,ii,0,0x08,1299296781.0
slashdot,3Big,ii,0,0x19,95594602.0
slashdot,3Big,ii,0,0x16,78612645.0
slashdot,3Big,ii,0,0x17,13739165.0
slashdot,3Big,ii,1,0x08,1314586374.0
slashdot,3Big,ii,1,0x19,93419120.0
slashdot,3Big,ii,1,0x16,76777422.0
slashdot,3Big,ii,1,0x17,13218331.0
slashdot,3Big,ii,2,0x08,1398045692.0
slashdot,3Big,ii,2,0x19,85688241.0
slashdot,3Big,ii,2,0x16,77422656.0
slashdot,3Big,ii,2,0x17,12856042.0
slashdot,3Big,ii,3,0x08,1392398765.0
slashdot,3Big,ii,3,0x19,86964502.0
slashdot,3Big,ii,3,0x16,77332451.0
slashdot,3Big,ii,3,0x17,12727405.0
slashdot,3Big,ii,4,0x08,2123619626.0
slashdot,3Big,ii,4,0x19,219671834.0
slashdot,3Big,ii,4,0x16,498033773.0
slashdot,3Big,ii,4,0x17,43857244.0
slashdot,3Big,ii,5,0x08,3451548453.0
slashdot,3Big,ii,5,0x19,164569681.0
slashdot,3Big,ii,5,0x16,255028233.0
slashdot,3Big,ii,5,0x17,31041250.0
slashdot,3Big,ii,6,0x08,3703429807.0
slashdot,3Big,ii,6,0x19,137472167.0
slashdot,3Big,ii,6,0x16,233680573.0
slashdot,3Big,ii,6,0x17,24074110.0
slashdot,3Big,ii,7,0x08,3015765639.0
slashdot,3Big,ii,7,0x19,124528047.0
slashdot,3Big,ii,7,0x16,204558353.0
slashdot,3Big,ii,7,0x17,21574598.0
twitter,3Big,ii,0,0x08,1565692842.0
twitter,3Big,ii,0,0x19,83581714.0
twitter,3Big,ii,0,0x16,81694671.0
twitter,3Big,ii,0,0x17,12099463.0
twitter,3Big,ii,1,0x08,1466779839.0
twitter,3Big,ii,1,0x19,88221224.0
twitter,3Big,ii,1,0x16,85331678.0
twitter,3Big,ii,1,0x17,12661390.0
twitter,3Big,ii,2,0x08,1462811067.0
twitter,3Big,ii,2,0x19,87593253.0
twitter,3Big,ii,2,0x16,84447841.0
twitter,3Big,ii,2,0x17,12876535.0
twitter,3Big,ii,3,0x08,1396896529.0
twitter,3Big,ii,3,0x19,78075312.0
twitter,3Big,ii,3,0x16,78777876.0
twitter,3Big,ii,3,0x17,11524482.0
twitter,3Big,ii,4,0x08,2090462583.0
twitter,3Big,ii,4,0x19,226812288.0
twitter,3Big,ii,4,0x16,445124508.0
twitter,3Big,ii,4,0x17,44113867.0
twitter,3Big,ii,5,0x08,3960510334.0
twitter,3Big,ii,5,0x19,203414470.0
twitter,3Big,ii,5,0x16,299775864.0
twitter,3Big,ii,5,0x17,36713154.0
twitter,3Big,ii,6,0x08,4159045979.0
twitter,3Big,ii,6,0x19,161509484.0
twitter,3Big,ii,6,0x16,262880828.0
twitter,3Big,ii,6,0x17,27471570.0
twitter,3Big,ii,7,0x08,3790396544.0
twitter,3Big,ii,7,0x19,191296516.0
twitter,3Big,ii,7,0x16,244528121.0
twitter,3Big,ii,7,0x17,31857795.0
youtube,3Big,ii,0,0x08,1733772898.0
youtube,3Big,ii,0,0x19,115057245.0
youtube,3Big,ii,0,0x16,101374292.0
youtube,3Big,ii,0,0x17,16881214.0
youtube,3Big,ii,1,0x08,1851909690.0
youtube,3Big,ii,1,0x19,116437504.0
youtube,3Big,ii,1,0x16,98866751.0
youtube,3Big,ii,1,0x17,16273589.0
youtube,3Big,ii,2,0x08,1910124311.0
youtube,3Big,ii,2,0x19,111816780.0
youtube,3Big,ii,2,0x16,95934728.0
youtube,3Big,ii,2,0x17,16166150.0
youtube,3Big,ii,3,0x08,1795195387.0
youtube,3Big,ii,3,0x19,130436747.0
youtube,3Big,ii,3,0x16,101015643.0
youtube,3Big,ii,3,0x17,18496316.0
youtube,3Big,ii,4,0x08,3059831762.0
youtube,3Big,ii,4,0x19,278971525.0
youtube,3Big,ii,4,0x16,608782878.0
youtube,3Big,ii,4,0x17,56272650.0
youtube,3Big,ii,5,0x08,3943449046.0
youtube,3Big,ii,5,0x19,208058699.0
youtube,3Big,ii,5,0x16,302177384.0
youtube,3Big,ii,5,0x17,38966353.0
youtube,3Big,ii,6,0x08,1407208791.0
youtube,3Big,ii,6,0x19,189593940.0
youtube,3Big,ii,6,0x16,312866848.0
youtube,3Big,ii,6,0x17,32246099.0
youtube,3Big,ii,7,0x08,142129060.0
youtube,3Big,ii,7,0x19,169225740.0
youtube,3Big,ii,7,0x16,250876679.0
youtube,3Big,ii,7,0x17,29166291.0
amazon,4Big,ii,0,0x08,1015986167.0
amazon,4Big,ii,0,0x19,70295450.0
amazon,4Big,ii,0,0x16,67047062.0
amazon,4Big,ii,0,0x17,10658109.0
amazon,4Big,ii,1,0x08,1048084059.0
amazon,4Big,ii,1,0x19,71649810.0
amazon,4Big,ii,1,0x16,71921675.0
amazon,4Big,ii,1,0x17,10717813.0
amazon,4Big,ii,2,0x08,1142910148.0
amazon,4Big,ii,2,0x19,71419690.0
amazon,4Big,ii,2,0x16,80534244.0
amazon,4Big,ii,2,0x17,10900266.0
amazon,4Big,ii,3,0x08,1109930055.0
amazon,4Big,ii,3,0x19,71970356.0
amazon,4Big,ii,3,0x16,76262704.0
amazon,4Big,ii,3,0x17,10654426.0
amazon,4Big,ii,4,0x08,57044502.0
amazon,4Big,ii,4,0x19,164749986.0
amazon,4Big,ii,4,0x16,353408325.0
amazon,4Big,ii,4,0x17,32676074.0
amazon,4Big,ii,5,0x08,2845545117.0
amazon,4Big,ii,5,0x19,146725072.0
amazon,4Big,ii,5,0x16,214542036.0
amazon,4Big,ii,5,0x17,26954741.0
amazon,4Big,ii,6,0x08,3701574226.0
amazon,4Big,ii,6,0x19,132948124.0
amazon,4Big,ii,6,0x16,216931579.0
amazon,4Big,ii,6,0x17,22879021.0
amazon,4Big,ii,7,0x08,2768684010.0
amazon,4Big,ii,7,0x19,115829234.0
amazon,4Big,ii,7,0x16,171115301.0
amazon,4Big,ii,7,0x17,19509079.0
bbc,4Big,ii,0,0x08,1499075953.0
bbc,4Big,ii,0,0x19,108361519.0
bbc,4Big,ii,0,0x16,91146501.0
bbc,4Big,ii,0,0x17,15933874.0
bbc,4Big,ii,1,0x08,1536797861.0
bbc,4Big,ii,1,0x19,105004758.0
bbc,4Big,ii,1,0x16,91872821.0
bbc,4Big,ii,1,0x17,15350075.0
bbc,4Big,ii,2,0x08,1528651813.0
bbc,4Big,ii,2,0x19,109798922.0
bbc,4Big,ii,2,0x16,87937502.0
bbc,4Big,ii,2,0x17,15692342.0
bbc,4Big,ii,3,0x08,1421570443.0
bbc,4Big,ii,3,0x19,105772622.0
bbc,4Big,ii,3,0x16,89462654.0
bbc,4Big,ii,3,0x17,15662901.0
bbc,4Big,ii,4,0x08,3785086419.0
bbc,4Big,ii,4,0x19,242914112.0
bbc,4Big,ii,4,0x16,600196255.0
bbc,4Big,ii,4,0x17,49322545.0
bbc,4Big,ii,5,0x08,3488653307.0
bbc,4Big,ii,5,0x19,178201977.0
bbc,4Big,ii,5,0x16,268541024.0
bbc,4Big,ii,5,0x17,33240912.0
bbc,4Big,ii,6,0x08,4216370517.0
bbc,4Big,ii,6,0x19,152760207.0
bbc,4Big,ii,6,0x16,267541684.0
bbc,4Big,ii,6,0x17,27012737.0
bbc,4Big,ii,7,0x08,3425537615.0
bbc,4Big,ii,7,0x19,134915618.0
bbc,4Big,ii,7,0x16,223803692.0
bbc,4Big,ii,7,0x17,23384052.0
cnn,4Big,ii,0,0x08,2813936309.0
cnn,4Big,ii,0,0x19,147471652.0
cnn,4Big,ii,0,0x16,134289677.0
cnn,4Big,ii,0,0x17,22678534.0
cnn,4Big,ii,1,0x08,2753266123.0
cnn,4Big,ii,1,0x19,141099187.0
cnn,4Big,ii,1,0x16,135353804.0
cnn,4Big,ii,1,0x17,22251740.0
cnn,4Big,ii,2,0x08,2895348614.0
cnn,4Big,ii,2,0x19,133072558.0
cnn,4Big,ii,2,0x16,128571867.0
cnn,4Big,ii,2,0x17,20899606.0
cnn,4Big,ii,3,0x08,2727573666.0
cnn,4Big,ii,3,0x19,142907398.0
cnn,4Big,ii,3,0x16,130657667.0
cnn,4Big,ii,3,0x17,21945728.0
cnn,4Big,ii,4,0x08,1206900211.0
cnn,4Big,ii,4,0x19,334857591.0
cnn,4Big,ii,4,0x16,756444368.0
cnn,4Big,ii,4,0x17,69123143.0
cnn,4Big,ii,5,0x08,1629209722.0
cnn,4Big,ii,5,0x19,239913121.0
cnn,4Big,ii,5,0x16,393897449.0
cnn,4Big,ii,5,0x17,46250343.0
cnn,4Big,ii,6,0x08,2141925168.0
cnn,4Big,ii,6,0x19,187263027.0
cnn,4Big,ii,6,0x16,335955472.0
cnn,4Big,ii,6,0x17,33364303.0
cnn,4Big,ii,7,0x08,1565484667.0
cnn,4Big,ii,7,0x19,173370509.0
cnn,4Big,ii,7,0x16,272675707.0
cnn,4Big,ii,7,0x17,29998607.0
craigslist,4Big,ii,0,0x08,762254321.0
craigslist,4Big,ii,0,0x19,50752769.0
craigslist,4Big,ii,0,0x16,55907102.0
craigslist,4Big,ii,0,0x17,7800805.0
craigslist,4Big,ii,1,0x08,723612591.0
craigslist,4Big,ii,1,0x19,56808767.0
craigslist,4Big,ii,1,0x16,51446960.0
craigslist,4Big,ii,1,0x17,8022880.0
craigslist,4Big,ii,2,0x08,713990385.0
craigslist,4Big,ii,2,0x19,46999655.0
craigslist,4Big,ii,2,0x16,51244232.0
craigslist,4Big,ii,2,0x17,7163751.0
craigslist,4Big,ii,3,0x08,783569101.0
craigslist,4Big,ii,3,0x19,55467281.0
craigslist,4Big,ii,3,0x16,55908613.0
craigslist,4Big,ii,3,0x17,8320529.0
craigslist,4Big,ii,4,0x08,148166362.0
craigslist,4Big,ii,4,0x19,143052360.0
craigslist,4Big,ii,4,0x16,348997508.0
craigslist,4Big,ii,4,0x17,27255834.0
craigslist,4Big,ii,5,0x08,3032037380.0
craigslist,4Big,ii,5,0x19,138047290.0
craigslist,4Big,ii,5,0x16,223368577.0
craigslist,4Big,ii,5,0x17,24468226.0
craigslist,4Big,ii,6,0x08,3418741833.0
craigslist,4Big,ii,6,0x19,112011588.0
craigslist,4Big,ii,6,0x16,197694673.0
craigslist,4Big,ii,6,0x17,19150129.0
craigslist,4Big,ii,7,0x08,2812116986.0
craigslist,4Big,ii,7,0x19,135296973.0
craigslist,4Big,ii,7,0x16,188213207.0
craigslist,4Big,ii,7,0x17,22705008.0
ebay,4Big,ii,0,0x08,1540469296.0
ebay,4Big,ii,0,0x19,98533657.0
ebay,4Big,ii,0,0x16,96889154.0
ebay,4Big,ii,0,0x17,15118352.0
ebay,4Big,ii,1,0x08,1444631780.0
ebay,4Big,ii,1,0x19,110664927.0
ebay,4Big,ii,1,0x16,98505348.0
ebay,4Big,ii,1,0x17,16371036.0
ebay,4Big,ii,2,0x08,1500800994.0
ebay,4Big,ii,2,0x19,107403855.0
ebay,4Big,ii,2,0x16,97105253.0
ebay,4Big,ii,2,0x17,16026150.0
ebay,4Big,ii,3,0x08,1432106384.0
ebay,4Big,ii,3,0x19,116167578.0
ebay,4Big,ii,3,0x16,99394393.0
ebay,4Big,ii,3,0x17,17236173.0
ebay,4Big,ii,4,0x08,2768177931.0
ebay,4Big,ii,4,0x19,254651996.0
ebay,4Big,ii,4,0x16,556186302.0
ebay,4Big,ii,4,0x17,52616987.0
ebay,4Big,ii,5,0x08,3682047362.0
ebay,4Big,ii,5,0x19,183023105.0
ebay,4Big,ii,5,0x16,283198328.0
ebay,4Big,ii,5,0x17,35035121.0
ebay,4Big,ii,6,0x08,4029061196.0
ebay,4Big,ii,6,0x19,135358311.0
ebay,4Big,ii,6,0x16,257630001.0
ebay,4Big,ii,6,0x17,24102133.0
ebay,4Big,ii,7,0x08,3556946464.0
ebay,4Big,ii,7,0x19,156671815.0
ebay,4Big,ii,7,0x16,242681068.0
ebay,4Big,ii,7,0x17,27720098.0
google,4Big,ii,0,0x08,647519613.0
google,4Big,ii,0,0x19,41048205.0
google,4Big,ii,0,0x16,51917457.0
google,4Big,ii,0,0x17,6447817.0
google,4Big,ii,1,0x08,655425719.0
google,4Big,ii,1,0x19,38692232.0
google,4Big,ii,1,0x16,47964428.0
google,4Big,ii,1,0x17,6175565.0
google,4Big,ii,2,0x08,781132629.0
google,4Big,ii,2,0x19,38274512.0
google,4Big,ii,2,0x16,57043271.0
google,4Big,ii,2,0x17,6237249.0
google,4Big,ii,3,0x08,696562585.0
google,4Big,ii,3,0x19,37959463.0
google,4Big,ii,3,0x16,53952428.0
google,4Big,ii,3,0x17,6261205.0
google,4Big,ii,4,0x08,2741931951.0
google,4Big,ii,4,0x19,107140826.0
google,4Big,ii,4,0x16,195691909.0
google,4Big,ii,4,0x17,20542447.0
google,4Big,ii,5,0x08,2637019494.0
google,4Big,ii,5,0x19,102295924.0
google,4Big,ii,5,0x16,190108660.0
google,4Big,ii,5,0x17,19556291.0
google,4Big,ii,6,0x08,3456288133.0
google,4Big,ii,6,0x19,90110683.0
google,4Big,ii,6,0x16,186854668.0
google,4Big,ii,6,0x17,15438853.0
google,4Big,ii,7,0x08,2168564549.0
google,4Big,ii,7,0x19,85857169.0
google,4Big,ii,7,0x16,151181486.0
google,4Big,ii,7,0x17,14493031.0
msn,4Big,ii,0,0x08,1456889754.0
msn,4Big,ii,0,0x19,121039609.0
msn,4Big,ii,0,0x16,104531315.0
msn,4Big,ii,0,0x17,18239397.0
msn,4Big,ii,1,0x08,1450056925.0
msn,4Big,ii,1,0x19,113395667.0
msn,4Big,ii,1,0x16,97548558.0
msn,4Big,ii,1,0x17,16880956.0
msn,4Big,ii,2,0x08,1372356686.0
msn,4Big,ii,2,0x19,107363694.0
msn,4Big,ii,2,0x16,97199471.0
msn,4Big,ii,2,0x17,16578321.0
msn,4Big,ii,3,0x08,1347351257.0
msn,4Big,ii,3,0x19,107133768.0
msn,4Big,ii,3,0x16,97513751.0
msn,4Big,ii,3,0x17,16437805.0
msn,4Big,ii,4,0x08,1453414183.0
msn,4Big,ii,4,0x19,237364590.0
msn,4Big,ii,4,0x16,774604384.0
msn,4Big,ii,4,0x17,46442500.0
msn,4Big,ii,5,0x08,4237218827.0
msn,4Big,ii,5,0x19,201304241.0
msn,4Big,ii,5,0x16,326252275.0
msn,4Big,ii,5,0x17,37716111.0
msn,4Big,ii,6,0x08,1911445146.0
msn,4Big,ii,6,0x19,157460036.0
msn,4Big,ii,6,0x16,429149378.0
msn,4Big,ii,6,0x17,27800819.0
msn,4Big,ii,7,0x08,3705112484.0
msn,4Big,ii,7,0x19,139522283.0
msn,4Big,ii,7,0x16,238164111.0
msn,4Big,ii,7,0x17,23473178.0
slashdot,4Big,ii,0,0x08,1326402390.0
slashdot,4Big,ii,0,0x19,81969605.0
slashdot,4Big,ii,0,0x16,75225539.0
slashdot,4Big,ii,0,0x17,11909640.0
slashdot,4Big,ii,1,0x08,1311807394.0
slashdot,4Big,ii,1,0x19,83085557.0
slashdot,4Big,ii,1,0x16,69299228.0
slashdot,4Big,ii,1,0x17,11780810.0
slashdot,4Big,ii,2,0x08,1332004718.0
slashdot,4Big,ii,2,0x19,85643574.0
slashdot,4Big,ii,2,0x16,70645186.0
slashdot,4Big,ii,2,0x17,12195071.0
slashdot,4Big,ii,3,0x08,1245652248.0
slashdot,4Big,ii,3,0x19,87829776.0
slashdot,4Big,ii,3,0x16,72009180.0
slashdot,4Big,ii,3,0x17,12882454.0
slashdot,4Big,ii,4,0x08,1987391987.0
slashdot,4Big,ii,4,0x19,214332689.0
slashdot,4Big,ii,4,0x16,479793599.0
slashdot,4Big,ii,4,0x17,43033561.0
slashdot,4Big,ii,5,0x08,3030065403.0
slashdot,4Big,ii,5,0x19,166705309.0
slashdot,4Big,ii,5,0x16,240285792.0
slashdot,4Big,ii,5,0x17,30712262.0
slashdot,4Big,ii,6,0x08,3919910431.0
slashdot,4Big,ii,6,0x19,122113357.0
slashdot,4Big,ii,6,0x16,237290540.0
slashdot,4Big,ii,6,0x17,21557455.0
slashdot,4Big,ii,7,0x08,3135088200.0
slashdot,4Big,ii,7,0x19,145148363.0
slashdot,4Big,ii,7,0x16,210145973.0
slashdot,4Big,ii,7,0x17,24935038.0
twitter,4Big,ii,0,0x08,1724817811.0
twitter,4Big,ii,0,0x19,83121754.0
twitter,4Big,ii,0,0x16,104785529.0
twitter,4Big,ii,0,0x17,12598987.0
twitter,4Big,ii,1,0x08,1984957054.0
twitter,4Big,ii,1,0x19,91689928.0
twitter,4Big,ii,1,0x16,127876603.0
twitter,4Big,ii,1,0x17,13877894.0
twitter,4Big,ii,2,0x08,1777283704.0
twitter,4Big,ii,2,0x19,84481164.0
twitter,4Big,ii,2,0x16,107502803.0
twitter,4Big,ii,2,0x17,12750615.0
twitter,4Big,ii,3,0x08,1864945947.0
twitter,4Big,ii,3,0x19,84890339.0
twitter,4Big,ii,3,0x16,114493262.0
twitter,4Big,ii,3,0x17,12637154.0
twitter,4Big,ii,4,0x08,1564003188.0
twitter,4Big,ii,4,0x19,225660328.0
twitter,4Big,ii,4,0x16,455017737.0
twitter,4Big,ii,4,0x17,43336266.0
twitter,4Big,ii,5,0x08,170312444.0
twitter,4Big,ii,5,0x19,201475803.0
twitter,4Big,ii,5,0x16,330219321.0
twitter,4Big,ii,5,0x17,36264253.0
twitter,4Big,ii,6,0x08,895625528.0
twitter,4Big,ii,6,0x19,166499991.0
twitter,4Big,ii,6,0x16,299044417.0
twitter,4Big,ii,6,0x17,28373734.0
twitter,4Big,ii,7,0x08,4000287961.0
twitter,4Big,ii,7,0x19,195144622.0
twitter,4Big,ii,7,0x16,258539259.0
twitter,4Big,ii,7,0x17,32403692.0
youtube,4Big,ii,0,0x08,1769469418.0
youtube,4Big,ii,0,0x19,117690914.0
youtube,4Big,ii,0,0x16,100812293.0
youtube,4Big,ii,0,0x17,17107962.0
youtube,4Big,ii,1,0x08,1964433475.0
youtube,4Big,ii,1,0x19,117260791.0
youtube,4Big,ii,1,0x16,96222502.0
youtube,4Big,ii,1,0x17,16631638.0
youtube,4Big,ii,2,0x08,1762442260.0
youtube,4Big,ii,2,0x19,119127452.0
youtube,4Big,ii,2,0x16,97151945.0
youtube,4Big,ii,2,0x17,16818118.0
youtube,4Big,ii,3,0x08,1715998519.0
youtube,4Big,ii,3,0x19,107964295.0
youtube,4Big,ii,3,0x16,94111773.0
youtube,4Big,ii,3,0x17,15863139.0
youtube,4Big,ii,4,0x08,3348603890.0
youtube,4Big,ii,4,0x19,274057759.0
youtube,4Big,ii,4,0x16,620941650.0
youtube,4Big,ii,4,0x17,55050639.0
youtube,4Big,ii,5,0x08,3755121509.0
youtube,4Big,ii,5,0x19,198227150.0
youtube,4Big,ii,5,0x16,285761147.0
youtube,4Big,ii,5,0x17,37676270.0
youtube,4Big,ii,6,0x08,820361109.0
youtube,4Big,ii,6,0x19,160570794.0
youtube,4Big,ii,6,0x16,281642200.0
youtube,4Big,ii,6,0x17,27977423.0
youtube,4Big,ii,7,0x08,309538709.0
youtube,4Big,ii,7,0x19,165830553.0
youtube,4Big,ii,7,0x16,262672078.0
youtube,4Big,ii,7,0x17,28836701.0
amazon,Default,ii,0,0x08,938994679.0
amazon,Default,ii,0,0x19,62448974.0
amazon,Default,ii,0,0x16,64254569.0
amazon,Default,ii,0,0x17,9477494.0
amazon,Default,ii,1,0x08,898144932.0
amazon,Default,ii,1,0x19,59474057.0
amazon,Default,ii,1,0x16,62654466.0
amazon,Default,ii,1,0x17,8845563.0
amazon,Default,ii,2,0x08,956792834.0
amazon,Default,ii,2,0x19,65865258.0
amazon,Default,ii,2,0x16,57169814.0
amazon,Default,ii,2,0x17,9132494.0
amazon,Default,ii,3,0x08,991648634.0
amazon,Default,ii,3,0x19,64242322.0
amazon,Default,ii,3,0x16,62894164.0
amazon,Default,ii,3,0x17,9628036.0
amazon,Default,ii,4,0x08,3555203164.0
amazon,Default,ii,4,0x19,141387047.0
amazon,Default,ii,4,0x16,246378688.0
amazon,Default,ii,4,0x17,26439912.0
amazon,Default,ii,5,0x08,3562243165.0
amazon,Default,ii,5,0x19,144939257.0
amazon,Default,ii,5,0x16,253168066.0
amazon,Default,ii,5,0x17,26530933.0
amazon,Default,ii,6,0x08,3351295515.0
amazon,Default,ii,6,0x19,145235627.0
amazon,Default,ii,6,0x16,255949994.0
amazon,Default,ii,6,0x17,25642282.0
amazon,Default,ii,7,0x08,3186135560.0
amazon,Default,ii,7,0x19,134693979.0
amazon,Default,ii,7,0x16,222966013.0
amazon,Default,ii,7,0x17,24195547.0
bbc,Default,ii,0,0x08,1548296468.0
bbc,Default,ii,0,0x19,106882671.0
bbc,Default,ii,0,0x16,90961912.0
bbc,Default,ii,0,0x17,15327138.0
bbc,Default,ii,1,0x08,1441242458.0
bbc,Default,ii,1,0x19,93555902.0
bbc,Default,ii,1,0x16,85426013.0
bbc,Default,ii,1,0x17,14081160.0
bbc,Default,ii,2,0x08,1537607879.0
bbc,Default,ii,2,0x19,107755265.0
bbc,Default,ii,2,0x16,91142639.0
bbc,Default,ii,2,0x17,15636337.0
bbc,Default,ii,3,0x08,1502392606.0
bbc,Default,ii,3,0x19,108670050.0
bbc,Default,ii,3,0x16,86637997.0
bbc,Default,ii,3,0x17,15757933.0
bbc,Default,ii,4,0x08,918277893.0
bbc,Default,ii,4,0x19,189481337.0
bbc,Default,ii,4,0x16,374400690.0
bbc,Default,ii,4,0x17,36296000.0
bbc,Default,ii,5,0x08,1268724812.0
bbc,Default,ii,5,0x19,183459409.0
bbc,Default,ii,5,0x16,378238238.0
bbc,Default,ii,5,0x17,35084540.0
bbc,Default,ii,6,0x08,433010677.0
bbc,Default,ii,6,0x19,178131331.0
bbc,Default,ii,6,0x16,345247495.0
bbc,Default,ii,6,0x17,33841553.0
bbc,Default,ii,7,0x08,3741180652.0
bbc,Default,ii,7,0x19,177335711.0
bbc,Default,ii,7,0x16,261138151.0
bbc,Default,ii,7,0x17,30615438.0
cnn,Default,ii,0,0x08,2613082235.0
cnn,Default,ii,0,0x19,133147338.0
cnn,Default,ii,0,0x16,120239406.0
cnn,Default,ii,0,0x17,20305963.0
cnn,Default,ii,1,0x08,2557153360.0
cnn,Default,ii,1,0x19,135795320.0
cnn,Default,ii,1,0x16,116339881.0
cnn,Default,ii,1,0x17,20433891.0
cnn,Default,ii,2,0x08,2614477550.0
cnn,Default,ii,2,0x19,127390543.0
cnn,Default,ii,2,0x16,113013511.0
cnn,Default,ii,2,0x17,19702556.0
cnn,Default,ii,3,0x08,2632862645.0
cnn,Default,ii,3,0x19,118216160.0
cnn,Default,ii,3,0x16,112955755.0
cnn,Default,ii,3,0x17,18483205.0
cnn,Default,ii,4,0x08,2427743540.0
cnn,Default,ii,4,0x19,221209896.0
cnn,Default,ii,4,0x16,407664902.0
cnn,Default,ii,4,0x17,42045926.0
cnn,Default,ii,5,0x08,2680984791.0
cnn,Default,ii,5,0x19,232873891.0
cnn,Default,ii,5,0x16,407189159.0
cnn,Default,ii,5,0x17,43686495.0
cnn,Default,ii,6,0x08,3108327872.0
cnn,Default,ii,6,0x19,255265799.0
cnn,Default,ii,6,0x16,497515865.0
cnn,Default,ii,6,0x17,49356926.0
cnn,Default,ii,7,0x08,2500446752.0
cnn,Default,ii,7,0x19,225292662.0
cnn,Default,ii,7,0x16,412045640.0
cnn,Default,ii,7,0x17,42346979.0
craigslist,Default,ii,0,0x08,719587359.0
craigslist,Default,ii,0,0x19,53611618.0
craigslist,Default,ii,0,0x16,51881289.0
craigslist,Default,ii,0,0x17,7877432.0
craigslist,Default,ii,1,0x08,714342411.0
craigslist,Default,ii,1,0x19,56691177.0
craigslist,Default,ii,1,0x16,50477411.0
craigslist,Default,ii,1,0x17,8418821.0
craigslist,Default,ii,2,0x08,700417612.0
craigslist,Default,ii,2,0x19,52481142.0
craigslist,Default,ii,2,0x16,53552811.0
craigslist,Default,ii,2,0x17,7885486.0
craigslist,Default,ii,3,0x08,666814931.0
craigslist,Default,ii,3,0x19,52102553.0
craigslist,Default,ii,3,0x16,49776545.0
craigslist,Default,ii,3,0x17,7577068.0
craigslist,Default,ii,4,0x08,3381801632.0
craigslist,Default,ii,4,0x19,114852713.0
craigslist,Default,ii,4,0x16,210048713.0
craigslist,Default,ii,4,0x17,20532679.0
craigslist,Default,ii,5,0x08,3270501672.0
craigslist,Default,ii,5,0x19,128238491.0
craigslist,Default,ii,5,0x16,242223579.0
craigslist,Default,ii,5,0x17,22716237.0
craigslist,Default,ii,6,0x08,3174271264.0
craigslist,Default,ii,6,0x19,117784032.0
craigslist,Default,ii,6,0x16,235335176.0
craigslist,Default,ii,6,0x17,21396907.0
craigslist,Default,ii,7,0x08,3005684424.0
craigslist,Default,ii,7,0x19,118980107.0
craigslist,Default,ii,7,0x16,220663232.0
craigslist,Default,ii,7,0x17,21029609.0
ebay,Default,ii,0,0x08,1437421281.0
ebay,Default,ii,0,0x19,106062762.0
ebay,Default,ii,0,0x16,97694600.0
ebay,Default,ii,0,0x17,16107564.0
ebay,Default,ii,1,0x08,1452907705.0
ebay,Default,ii,1,0x19,97038376.0
ebay,Default,ii,1,0x16,92031666.0
ebay,Default,ii,1,0x17,14749266.0
ebay,Default,ii,2,0x08,1449408410.0
ebay,Default,ii,2,0x19,115742013.0
ebay,Default,ii,2,0x16,100021343.0
ebay,Default,ii,2,0x17,17037946.0
ebay,Default,ii,3,0x08,1451282620.0
ebay,Default,ii,3,0x19,99341060.0
ebay,Default,ii,3,0x16,94047681.0
ebay,Default,ii,3,0x17,15087314.0
ebay,Default,ii,4,0x08,283021575.0
ebay,Default,ii,4,0x19,169938758.0
ebay,Default,ii,4,0x16,324604542.0
ebay,Default,ii,4,0x17,32626969.0
ebay,Default,ii,5,0x08,859777970.0
ebay,Default,ii,5,0x19,206059968.0
ebay,Default,ii,5,0x16,386044773.0
ebay,Default,ii,5,0x17,40214499.0
ebay,Default,ii,6,0x08,360071982.0
ebay,Default,ii,6,0x19,192316587.0
ebay,Default,ii,6,0x16,354746958.0
ebay,Default,ii,6,0x17,36657742.0
ebay,Default,ii,7,0x08,3841289648.0
ebay,Default,ii,7,0x19,171159286.0
ebay,Default,ii,7,0x16,276099369.0
ebay,Default,ii,7,0x17,31434539.0
google,Default,ii,0,0x08,456847742.0
google,Default,ii,0,0x19,31656082.0
google,Default,ii,0,0x16,34212799.0
google,Default,ii,0,0x17,4783262.0
google,Default,ii,1,0x08,430581314.0
google,Default,ii,1,0x19,30559896.0
google,Default,ii,1,0x16,33103395.0
google,Default,ii,1,0x17,4795482.0
google,Default,ii,2,0x08,497353148.0
google,Default,ii,2,0x19,38085082.0
google,Default,ii,2,0x16,36472420.0
google,Default,ii,2,0x17,5650223.0
google,Default,ii,3,0x08,409847210.0
google,Default,ii,3,0x19,30869441.0
google,Default,ii,3,0x16,30987467.0
google,Default,ii,3,0x17,4550147.0
google,Default,ii,4,0x08,2257133449.0
google,Default,ii,4,0x19,92211722.0
google,Default,ii,4,0x16,159809500.0
google,Default,ii,4,0x17,16836565.0
google,Default,ii,5,0x08,2608008128.0
google,Default,ii,5,0x19,92640408.0
google,Default,ii,5,0x16,167916118.0
google,Default,ii,5,0x17,17663400.0
google,Default,ii,6,0x08,2135621737.0
google,Default,ii,6,0x19,85635002.0
google,Default,ii,6,0x16,149771979.0
google,Default,ii,6,0x17,16003353.0
google,Default,ii,7,0x08,2529910831.0
google,Default,ii,7,0x19,86905592.0
google,Default,ii,7,0x16,157477187.0
google,Default,ii,7,0x17,15535584.0
msn,Default,ii,0,0x08,1744804496.0
msn,Default,ii,0,0x19,139588397.0
msn,Default,ii,0,0x16,124205307.0
msn,Default,ii,0,0x17,21332809.0
msn,Default,ii,1,0x08,1631289681.0
msn,Default,ii,1,0x19,127850674.0
msn,Default,ii,1,0x16,113716865.0
msn,Default,ii,1,0x17,19733456.0
msn,Default,ii,2,0x08,1538729266.0
msn,Default,ii,2,0x19,127490972.0
msn,Default,ii,2,0x16,111711465.0
msn,Default,ii,2,0x17,19619612.0
msn,Default,ii,3,0x08,1528228483.0
msn,Default,ii,3,0x19,121283274.0
msn,Default,ii,3,0x16,113037002.0
msn,Default,ii,3,0x17,19336561.0
msn,Default,ii,4,0x08,4129358622.0
msn,Default,ii,4,0x19,174893627.0
msn,Default,ii,4,0x16,483939571.0
msn,Default,ii,4,0x17,32585963.0
msn,Default,ii,5,0x08,4167988635.0
msn,Default,ii,5,0x19,201042547.0
msn,Default,ii,5,0x16,508765678.0
msn,Default,ii,5,0x17,36351738.0
msn,Default,ii,6,0x08,1654363270.0
msn,Default,ii,6,0x19,176733108.0
msn,Default,ii,6,0x16,383092540.0
msn,Default,ii,6,0x17,31681288.0
msn,Default,ii,7,0x08,875358525.0
msn,Default,ii,7,0x19,149185991.0
msn,Default,ii,7,0x16,320844877.0
msn,Default,ii,7,0x17,27184674.0
slashdot,Default,ii,0,0x08,1356481633.0
slashdot,Default,ii,0,0x19,90459195.0
slashdot,Default,ii,0,0x16,76170453.0
slashdot,Default,ii,0,0x17,12932280.0
slashdot,Default,ii,1,0x08,1250856803.0
slashdot,Default,ii,1,0x19,84243761.0
slashdot,Default,ii,1,0x16,70866591.0
slashdot,Default,ii,1,0x17,11895651.0
slashdot,Default,ii,2,0x08,1309337545.0
slashdot,Default,ii,2,0x19,93216602.0
slashdot,Default,ii,2,0x16,71983905.0
slashdot,Default,ii,2,0x17,13166411.0
slashdot,Default,ii,3,0x08,1236737561.0
slashdot,Default,ii,3,0x19,76650104.0
slashdot,Default,ii,3,0x16,66431212.0
slashdot,Default,ii,3,0x17,11178233.0
slashdot,Default,ii,4,0x08,4282596706.0
slashdot,Default,ii,4,0x19,170198465.0
slashdot,Default,ii,4,0x16,308801294.0
slashdot,Default,ii,4,0x17,31863082.0
slashdot,Default,ii,5,0x08,4236866196.0
slashdot,Default,ii,5,0x19,176715484.0
slashdot,Default,ii,5,0x16,310573078.0
slashdot,Default,ii,5,0x17,33234300.0
slashdot,Default,ii,6,0x08,4127790729.0
slashdot,Default,ii,6,0x19,167719625.0
slashdot,Default,ii,6,0x16,285987047.0
slashdot,Default,ii,6,0x17,29998836.0
slashdot,Default,ii,7,0x08,3906622119.0
slashdot,Default,ii,7,0x19,147971321.0
slashdot,Default,ii,7,0x16,271865918.0
slashdot,Default,ii,7,0x17,27372603.0
twitter,Default,ii,0,0x08,1387636561.0
twitter,Default,ii,0,0x19,87939634.0
twitter,Default,ii,0,0x16,85852463.0
twitter,Default,ii,0,0x17,12835295.0
twitter,Default,ii,1,0x08,1475182375.0
twitter,Default,ii,1,0x19,83551106.0
twitter,Default,ii,1,0x16,81166740.0
twitter,Default,ii,1,0x17,11902894.0
twitter,Default,ii,2,0x08,1441406316.0
twitter,Default,ii,2,0x19,77463445.0
twitter,Default,ii,2,0x16,78159995.0
twitter,Default,ii,2,0x17,11223550.0
twitter,Default,ii,3,0x08,1430698721.0
twitter,Default,ii,3,0x19,82776318.0
twitter,Default,ii,3,0x16,79523809.0
twitter,Default,ii,3,0x17,11878198.0
twitter,Default,ii,4,0x08,2789165.0
twitter,Default,ii,4,0x19,205021445.0
twitter,Default,ii,4,0x16,320986975.0
twitter,Default,ii,4,0x17,35948322.0
twitter,Default,ii,5,0x08,474471004.0
twitter,Default,ii,5,0x19,200404396.0
twitter,Default,ii,5,0x16,329236760.0
twitter,Default,ii,5,0x17,35994447.0
twitter,Default,ii,6,0x08,750563283.0
twitter,Default,ii,6,0x19,178863182.0
twitter,Default,ii,6,0x16,309238838.0
twitter,Default,ii,6,0x17,32706461.0
twitter,Default,ii,7,0x08,4116724848.0
twitter,Default,ii,7,0x19,195692708.0
twitter,Default,ii,7,0x16,280124962.0
twitter,Default,ii,7,0x17,34355337.0
youtube,Default,ii,0,0x08,1762745426.0
youtube,Default,ii,0,0x19,112741975.0
youtube,Default,ii,0,0x16,99548925.0
youtube,Default,ii,0,0x17,16641565.0
youtube,Default,ii,1,0x08,1840317000.0
youtube,Default,ii,1,0x19,123071733.0
youtube,Default,ii,1,0x16,101122324.0
youtube,Default,ii,1,0x17,17553814.0
youtube,Default,ii,2,0x08,1936747581.0
youtube,Default,ii,2,0x19,112291237.0
youtube,Default,ii,2,0x16,95787397.0
youtube,Default,ii,2,0x17,16152923.0
youtube,Default,ii,3,0x08,1772468739.0
youtube,Default,ii,3,0x19,127284256.0
youtube,Default,ii,3,0x16,99247610.0
youtube,Default,ii,3,0x17,18117585.0
youtube,Default,ii,4,0x08,258298871.0
youtube,Default,ii,4,0x19,180005479.0
youtube,Default,ii,4,0x16,313077726.0
youtube,Default,ii,4,0x17,33189995.0
youtube,Default,ii,5,0x08,1388449762.0
youtube,Default,ii,5,0x19,209748258.0
youtube,Default,ii,5,0x16,386799512.0
youtube,Default,ii,5,0x17,38620446.0
youtube,Default,ii,6,0x08,2169731326.0
youtube,Default,ii,6,0x19,229472137.0
youtube,Default,ii,6,0x16,464462965.0
youtube,Default,ii,6,0x17,44926751.0
youtube,Default,ii,7,0x08,281787221.0
youtube,Default,ii,7,0x19,184970532.0
youtube,Default,ii,7,0x16,298495878.0
youtube,Default,ii,7,0x17,33502283.0
